plate,collection_date,badge_serial,landauer_part_nbr,landauer_report_date,begin_wear,end_wear,body_mrem,skin_mrem,eye_mrem,beta_mrem,neutron_mrem,nt_mrem,nf_mrem,photon_mrem,exceeded_1000rad,saturated_osl,neutron_exceeded,dose_status
Hn-10,2025-03-12,XA00563217G,907,20250331,1/1/2025,6/30/2025,3950,4956,4403,1006,20,0,20,2924,False,False,False,MEASURED
Hn-10,2025-03-25,XA02137891A,973,20250331,1/1/2025,6/30/2025,98665,98665,98665,0,2960,190,2770,95705,False,False,False,MEASURED
Hn-10,2025-04-08,XA00553485B,1145,20250502,1/1/2025,6/30/2025,42268,42268,42268,0,2070,190,1880,40198,False,False,False,MEASURED
Hn-10,2025-04-23,XA007641878,1090,20250502,1/1/2025,6/30/2025,1031,1047,1031,0,0,0,0,1031,False,False,False,MEASURED
Hn-10,2025-05-07,XA00595847T,1373,20250516,1/1/2025,6/30/2025,598,554,580,0,0,0,0,598,False,False,False,MEASURED
Hn-10,2025-05-21,XA020746639,1239,20250624,1/1/2025,6/30/2025,16242,16242,16242,0,160,20,140,16082,False,False,False,MEASURED
Hn-10,2025-06-17,XA01966073D,1200,20250804,1/1/2025,6/30/2025,288393,288393,288393,0,3700,380,3320,284693,False,False,False,MEASURED
Hn-10,2025-07-02,XA00856640F,400,20250804,1/1/2025,6/30/2025,113261,113261,113261,0,1660,120,1540,111601,False,False,False,MEASURED
Hn-10,2025-07-30,XA00828100X,553,20250819,7/1/2025,12/31/2025,371244,371244,371244,0,4960,440,4520,366284,False,False,False,MEASURED
Hn-10,2025-08-27,XA00629780E,508,20250915,7/1/2025,12/31/2025,82556,66355,79924,0,960,70,890,81596,False,False,False,MEASURED
Hn-10,2025-09-10,XA009275576,214,20250930,7/1/2025,12/31/2025,17800,16836,17800,0,0,0,0,17800,False,False,False,MEASURED
Hn-10,2026-01-08,XA00542333P,199,20260320,7/1/2025,12/31/2025,6,6,6,0,0,0,0,6,False,False,False,MEASURED
Hn-11,2025-03-12,XA015128876,885,20250331,1/1/2025,6/30/2025,264,453,351,194,0,0,0,70,False,False,False,MEASURED
Hn-11,2025-03-25,XA00918365E,1050,20250331,1/1/2025,6/30/2025,1266,1765,1499,517,440,20,420,309,False,False,False,MEASURED
Hn-11,2025-04-08,XA01809651H,1166,20250502,1/1/2025,6/30/2025,39690,39690,39690,0,6750,350,6400,32940,False,False,False,MEASURED
Hn-11,2025-04-23,XA00718119H,1070,20250502,1/1/2025,6/30/2025,154449,123800,149470,0,90,0,90,154359,False,False,False,MEASURED
Hn-11,2025-05-07,XA008555573,1349,20250516,1/1/2025,6/30/2025,179632,179632,179632,0,80,0,80,179552,False,False,False,MEASURED
Hn-11,2025-05-21,XA01911176K,1288,20250624,1/1/2025,6/30/2025,1000090,90,90,0,90,0,90,-1,True,False,False,EXCEEDED_PARTIAL
Hn-11,2025-06-11,XA009328185,1228,20250624,1/1/2025,6/30/2025,1000600,600,600,0,600,30,570,-1,True,False,False,EXCEEDED_PARTIAL
Hn-11,2025-07-02,XA00825526E,1383,20250804,1/1/2025,6/30/2025,1001500,1500,1500,0,1500,100,1400,-1,True,False,False,EXCEEDED_PARTIAL
Hn-11,2025-07-17,XA005757049,533,20250804,7/1/2025,12/31/2025,1001610,1610,1610,0,1610,110,1500,-1,True,False,False,EXCEEDED_PARTIAL
Hn-11,2025-08-27,XA00780028E,272,20250915,7/1/2025,12/31/2025,1002170,2170,2170,0,2170,160,2010,-1,True,False,False,EXCEEDED_PARTIAL
Hn-11,2025-09-10,XA00922006S,238,20250930,7/1/2025,12/31/2025,1000250,250,250,0,250,20,230,-1,True,False,False,EXCEEDED_PARTIAL
Hn-11,2026-01-08,XA01545170Q,138,20260320,7/1/2025,12/31/2025,0,0,0,0,0,0,0,0,False,False,False,MEASURED
Hn-12,2025-03-12,XA01033981G,901,20250331,1/1/2025,6/30/2025,322,412,364,93,0,0,0,229,False,False,False,MEASURED
Hn-12,2025-03-25,XA01471452H,1001,20250331,1/1/2025,6/30/2025,2407,2407,2407,0,50,0,50,2357,False,False,False,MEASURED
Hn-12,2025-04-08,XA00804421V,1105,20250502,1/1/2025,6/30/2025,4200,4915,4200,735,520,70,450,2945,False,False,False,MEASURED
Hn-12,2025-04-23,XA00647347A,1061,20250502,1/1/2025,6/30/2025,4434,4434,4434,0,100,0,100,4334,False,False,False,MEASURED
Hn-12,2025-05-07,XA02003507O,1335,20250516,1/1/2025,6/30/2025,2388,2388,2388,0,0,0,0,2388,False,False,False,MEASURED
Hn-12,2025-05-21,XA01124934F,1276,20250624,1/1/2025,6/30/2025,26319,26319,26319,0,140,10,130,26179,False,False,False,MEASURED
Hn-12,2025-06-11,XA025327872,281,20250624,1/1/2025,6/30/2025,120741,120741,120741,0,800,50,750,119941,False,False,False,MEASURED
Hn-12,2025-07-02,XA02160368A,1403,20250804,1/1/2025,6/30/2025,111584,111584,111584,0,930,70,860,110654,False,False,False,MEASURED
Hn-12,2025-07-17,XA01972915Z,529,20250804,7/1/2025,12/31/2025,106051,106051,106051,0,1930,180,1750,104121,False,False,False,MEASURED
Hn-12,2025-08-27,XA010160108,295,20250915,7/1/2025,12/31/2025,392725,392725,392725,0,3400,260,3140,389325,False,False,False,MEASURED
Hn-12,2025-09-10,XA02447796X,301,20250930,7/1/2025,12/31/2025,49243,49243,49243,0,170,20,150,49073,False,False,False,MEASURED
Hn-12,2026-01-08,XA00803088K,163,20260320,7/1/2025,12/31/2025,0,0,0,0,0,0,0,0,False,False,False,MEASURED
Hn-15,2025-01-27,XA010898416,993,20250227,1/1/2025,6/30/2025,61073,48947,59103,12697,0,0,0,48376,False,False,False,MEASURED
Hn-15,2025-03-05,XA013668626,1013,20250331,1/1/2025,6/30/2025,1012400,12400,12400,0,12400,800,11600,-1,True,False,False,EXCEEDED_PARTIAL
Hn-15,2025-03-12,XA01134549A,968,20250331,1/1/2025,6/30/2025,1000000,0,0,0,0,0,0,-1,True,True,False,SATURATED_FLOOR
Hn-15,2025-03-25,XA00747006L,961,20250331,1/1/2025,6/30/2025,1000000,0,0,0,0,0,0,-1,True,True,False,SATURATED_FLOOR
Hn-15,2025-04-08,XA02731744B,1113,20250502,1/1/2025,6/30/2025,1000000,0,0,0,0,0,0,-1,True,True,False,SATURATED_FLOOR
Hn-15,2025-04-23,XA007493758,1091,20250502,1/1/2025,6/30/2025,1000000,0,0,0,0,0,0,-1,True,True,False,SATURATED_FLOOR
Hn-15,2025-05-07,XA00865071L,1327,20250516,1/1/2025,6/30/2025,1000000,0,0,0,0,0,0,-1,True,True,False,SATURATED_FLOOR
Hn-15,2025-05-21,XA021673782,1291,20250624,1/1/2025,6/30/2025,1000000,0,0,0,0,0,0,-1,True,True,False,SATURATED_FLOOR
Hn-15,2025-06-11,XA02057110V,1194,20250624,1/1/2025,6/30/2025,1000000,0,0,0,0,0,0,-1,True,True,False,SATURATED_FLOOR
Hn-15,2025-07-02,XA00950533H,289,20250804,1/1/2025,6/30/2025,1000000,0,0,0,0,0,0,-1,True,True,False,SATURATED_FLOOR
Hn-15,2025-07-17,XA01372261M,539,20250804,7/1/2025,12/31/2025,1000000,0,0,0,0,0,0,-1,True,True,False,SATURATED_FLOOR
Hn-15,2025-08-27,XA007704098,284,20250915,7/1/2025,12/31/2025,1000000,0,0,0,0,0,0,-1,True,True,False,SATURATED_FLOOR
Hn-15,2025-09-10,XA01512372R,246,20250930,7/1/2025,12/31/2025,1000000,0,0,0,0,0,0,-1,True,True,False,SATURATED_FLOOR
Hn-15,2026-01-12,XA00568241K,152,20260320,7/1/2025,12/31/2025,30,27,28,0,0,0,0,30,False,False,False,MEASURED
Hn-16,2025-03-12,XA02076598W,914,20250331,1/1/2025,6/30/2025,965,1634,1281,703,0,0,0,262,False,False,False,MEASURED
Hn-16,2025-03-25,XA00740420U,1053,20250331,1/1/2025,6/30/2025,205639,205639,205639,0,3350,220,3130,202289,False,False,False,MEASURED
Hn-16,2025-04-08,XA007631895,1134,20250502,1/1/2025,6/30/2025,67317,67317,67317,0,2140,160,1980,65177,False,False,False,MEASURED
Hn-16,2025-04-23,XA017860088,1085,20250502,1/1/2025,6/30/2025,744,711,744,0,0,0,0,744,False,False,False,MEASURED
Hn-16,2025-05-07,XA02150396D,1394,20250516,1/1/2025,6/30/2025,542,518,542,0,0,0,0,542,False,False,False,MEASURED
Hn-16,2025-05-21,XA00710532T,1266,20250624,1/1/2025,6/30/2025,15726,15726,15726,0,170,20,150,15556,False,False,False,MEASURED
Hn-16,2025-06-17,XA00778597T,1215,20250804,1/1/2025,6/30/2025,558651,558651,558651,0,6100,340,5630,552551,False,False,False,MEASURED
Hn-16,2025-07-02,XA01879578P,405,20250804,1/1/2025,6/30/2025,166354,166354,166354,0,2460,130,2330,163894,False,False,False,MEASURED
Hn-16,2025-07-30,XA00560191P,557,20250819,7/1/2025,12/31/2025,779345,779345,779345,0,6920,490,6430,772425,False,False,False,MEASURED
Hn-16,2025-08-27,XA00893298X,509,20250915,7/1/2025,12/31/2025,141891,141891,141891,0,940,70,870,140951,False,False,False,MEASURED
Hn-16,2025-09-10,XA01020855I,223,20250930,7/1/2025,12/31/2025,16973,16362,16973,0,50,0,50,16923,False,False,False,MEASURED
Hn-16,2026-01-08,XA02276344B,187,20260320,7/1/2025,12/31/2025,15,15,15,0,0,0,0,15,False,False,False,MEASURED
Hn-17,2025-03-12,XA025225696,895,20250331,1/1/2025,6/30/2025,229,290,258,64,0,0,0,165,False,False,False,MEASURED
Hn-17,2025-03-25,XA00869042I,1033,20250331,1/1/2025,6/30/2025,6741,8121,7362,1380,1180,80,1100,4181,False,False,False,MEASURED
Hn-17,2025-04-08,XA00743842D,1152,20250502,1/1/2025,6/30/2025,58432,58432,58432,0,8140,520,7620,50292,False,False,False,MEASURED
Hn-17,2025-04-23,XA00763950A,1104,20250502,1/1/2025,6/30/2025,141706,141706,141706,0,160,10,150,141546,False,False,False,MEASURED
Hn-17,2025-05-07,XA00044262T,1322,20250516,1/1/2025,6/30/2025,98686,98686,98686,0,40,0,40,98646,False,False,False,MEASURED
Hn-17,2025-05-21,XA00621931L,1220,20250624,1/1/2025,6/30/2025,1000210,210,210,0,210,10,200,-1,True,False,False,EXCEEDED_PARTIAL
Hn-17,2025-06-11,XA02633313N,1183,20250624,1/1/2025,6/30/2025,1000580,580,580,0,580,50,530,-1,True,False,False,EXCEEDED_PARTIAL
Hn-17,2025-07-02,XA02330642M,287,20250804,1/1/2025,6/30/2025,1002210,2210,2210,0,2210,150,2060,-1,True,False,False,EXCEEDED_PARTIAL
Hn-17,2025-07-17,XA01544177D,532,20250804,7/1/2025,12/31/2025,1001540,1540,1540,0,1540,120,1420,-1,True,False,False,EXCEEDED_PARTIAL
Hn-17,2025-08-27,XA02804431Q,280,20250915,7/1/2025,12/31/2025,1004010,4010,4010,0,4010,290,3720,-1,True,False,False,EXCEEDED_PARTIAL
Hn-17,2025-09-10,XA00589666V,236,20250930,7/1/2025,12/31/2025,1000770,770,770,0,770,40,730,-1,True,False,False,EXCEEDED_PARTIAL
Hn-17,2026-01-08,XA01089004K,151,20260320,7/1/2025,12/31/2025,0,0,0,0,0,0,0,0,False,False,False,MEASURED
Hn-18,2025-03-12,XA009971942,889,20250331,1/1/2025,6/30/2025,127,166,147,43,0,0,0,84,False,False,False,MEASURED
Hn-18,2025-03-25,XA023903286,997,20250331,1/1/2025,6/30/2025,563,697,628,145,220,20,200,198,False,False,False,MEASURED
Hn-18,2025-04-08,XA028926225,1137,20250502,1/1/2025,6/30/2025,96636,96636,96636,0,9280,660,8620,87356,False,False,False,MEASURED
Hn-18,2025-04-23,XA01824418C,1086,20250502,1/1/2025,6/30/2025,189939,152241,183814,0,80,0,80,189859,False,False,False,MEASURED
Hn-18,2025-05-07,XA00778693Z,1375,20250516,1/1/2025,6/30/2025,163833,131339,158554,66112,180,10,170,97541,False,False,False,MEASURED
Hn-18,2025-05-21,XA00939876W,1287,20250624,1/1/2025,6/30/2025,1000090,90,90,0,90,0,90,-1,True,False,False,EXCEEDED_PARTIAL
Hn-18,2025-06-11,XA027297453,285,20250624,1/1/2025,6/30/2025,1000410,410,410,0,410,30,380,-1,True,False,False,EXCEEDED_PARTIAL
Hn-18,2025-07-02,XA00759293A,1404,20250804,1/1/2025,6/30/2025,717208,717208,717208,579840,880,40,840,136488,False,False,False,MEASURED
Hn-18,2025-07-17,XA00365426D,545,20250804,7/1/2025,12/31/2025,1001120,1120,1120,0,1120,80,1040,-1,True,False,False,EXCEEDED_PARTIAL
Hn-18,2025-08-27,XA022951682,285,20250915,7/1/2025,12/31/2025,1001550,1550,1550,0,1550,110,1440,-1,True,False,False,EXCEEDED_PARTIAL
Hn-18,2025-09-10,XA00706610T,252,20250930,7/1/2025,12/31/2025,1000100,100,100,0,100,10,90,-1,True,False,False,EXCEEDED_PARTIAL
Hn-18,2026-01-08,XA010035004,144,20260320,7/1/2025,12/31/2025,6,6,6,0,0,0,0,6,False,False,False,MEASURED
Hn-19,2025-01-27,XA017349157,965,20250227,1/1/2025,6/30/2025,158709,127206,153591,85303,50,0,50,73356,False,False,False,MEASURED
Hn-19,2025-02-18,XA01269313H,926,20250306,1/1/2025,6/30/2025,1011360,11360,11360,0,11360,810,10550,-1,True,False,False,EXCEEDED_PARTIAL
Hn-19,2025-03-05,XA009504579,1021,20250331,1/1/2025,6/30/2025,851167,851167,851167,129842,4770,350,4420,716555,False,False,False,MEASURED
Hn-19,2025-03-12,XA02894004D,971,20250331,1/1/2025,6/30/2025,450046,361407,435645,90523,3630,220,3410,355893,False,False,False,MEASURED
Hn-19,2025-03-25,XA02457738X,1045,20250331,1/1/2025,6/30/2025,341426,274360,330530,78276,3660,270,3390,259490,False,False,False,MEASURED
Hn-19,2025-04-08,XA00821901M,1160,20250502,1/1/2025,6/30/2025,190282,152788,184191,91443,1450,100,1350,97389,False,False,False,MEASURED
Hn-19,2025-04-23,XA01285966U,1092,20250502,1/1/2025,6/30/2025,188715,151409,182654,100619,830,90,740,87266,False,False,False,MEASURED
Hn-19,2025-05-07,XA01046880F,1352,20250516,1/1/2025,6/30/2025,192642,154568,186456,112298,890,60,830,79454,False,False,False,MEASURED
Hn-19,2025-05-21,XA00864747Z,1296,20250624,1/1/2025,6/30/2025,196658,157803,190346,99024,970,60,910,96664,False,False,False,MEASURED
Hn-19,2025-06-17,XA00221064Y,298,20250804,1/1/2025,6/30/2025,1006040,6040,6040,0,6040,410,5630,-1,True,False,False,EXCEEDED_PARTIAL
Hn-19,2025-07-02,XA02500355P,411,20250804,1/1/2025,6/30/2025,502126,403777,486148,155929,6810,440,6370,339387,False,False,False,MEASURED
Hn-19,2025-07-30,XA024894260,565,20250819,7/1/2025,12/31/2025,1005200,5200,5200,0,5200,430,4770,-1,True,False,False,EXCEEDED_PARTIAL
Hn-19,2025-08-27,XA000010438,510,20250915,7/1/2025,12/31/2025,1002720,2720,2720,0,2720,220,2500,-1,True,False,False,EXCEEDED_PARTIAL
Hn-19,2025-09-10,XA00746663A,222,20250930,7/1/2025,12/31/2025,114086,91658,110443,27934,1130,60,1070,85022,False,False,False,MEASURED
Hn-19,2026-01-12,XA01819758Z,183,20260320,7/1/2025,12/31/2025,21,21,21,0,0,0,0,21,False,False,False,MEASURED
Hn-20,2025-01-27,XA00600996A,980,20250227,1/1/2025,6/30/2025,83,85,83,0,0,0,0,83,False,False,False,MEASURED
Hn-20,2025-02-18,XA02909096C,919,20250306,1/1/2025,6/30/2025,1000000,0,0,0,0,0,0,-1,True,True,False,SATURATED_FLOOR
Hn-20,2025-03-05,XA00652942B,931,20250331,1/1/2025,6/30/2025,1000000,0,0,0,0,0,0,-1,True,True,False,SATURATED_FLOOR
Hn-20,2025-03-12,XA025853645,970,20250331,1/1/2025,6/30/2025,1000000,0,0,0,0,0,0,-1,True,True,False,SATURATED_FLOOR
Hn-20,2025-03-25,XA04105536G,984,20250331,1/1/2025,6/30/2025,1000000,0,0,0,0,0,0,-1,True,True,False,SATURATED_FLOOR
Hn-20,2025-04-08,XA00578631B,1155,20250502,1/1/2025,6/30/2025,1000000,0,0,0,0,0,0,-1,True,True,False,SATURATED_FLOOR
Hn-20,2025-04-23,XA009557742,1097,20250502,1/1/2025,6/30/2025,1000000,0,0,0,0,0,0,-1,True,True,False,SATURATED_FLOOR
Hn-20,2025-05-07,XA008693662,1336,20250516,1/1/2025,6/30/2025,1000000,0,0,0,0,0,0,-1,True,True,False,SATURATED_FLOOR
Hn-20,2025-05-21,XA00552521O,1278,20250624,1/1/2025,6/30/2025,1000000,0,0,0,0,0,0,-1,True,True,False,SATURATED_FLOOR
Hn-20,2025-06-11,XA007950948,1201,20250624,1/1/2025,6/30/2025,1000000,0,0,0,0,0,0,-1,True,True,False,SATURATED_FLOOR
Hn-20,2025-07-02,XA00603305U,292,20250804,1/1/2025,6/30/2025,1000000,0,0,0,0,0,0,-1,True,True,False,SATURATED_FLOOR
Hn-20,2025-07-17,XA02256237C,542,20250804,7/1/2025,12/31/2025,1000000,0,0,0,0,0,0,-1,True,True,False,SATURATED_FLOOR
Hn-20,2025-08-27,XA01124458F,291,20250915,7/1/2025,12/31/2025,1000000,0,0,0,0,0,0,-1,True,True,False,SATURATED_FLOOR
Hn-20,2025-09-10,XA02186679R,235,20250930,7/1/2025,12/31/2025,1015640,15640,15640,0,15640,900,14740,-1,True,False,False,EXCEEDED_PARTIAL
Hn-20,2026-01-12,XA01118914F,181,20260320,7/1/2025,12/31/2025,24,24,24,0,0,0,0,24,False,False,False,MEASURED
Hn-37,2025-03-12,XA00071249E,910,20250331,1/1/2025,6/30/2025,191,230,209,49,0,0,0,142,False,False,False,MEASURED
Hn-37,2025-03-25,XA001211621,1051,20250331,1/1/2025,6/30/2025,127134,102413,123118,96081,2630,200,2430,28423,False,False,False,MEASURED
Hn-37,2025-04-08,XA00636841F,1116,20250502,1/1/2025,6/30/2025,251734,251734,251734,75293,5950,520,5430,170491,False,False,False,MEASURED
Hn-37,2025-04-23,XA01353630M,1079,20250502,1/1/2025,6/30/2025,664,645,664,0,0,0,0,664,False,False,False,MEASURED
Hn-37,2025-05-07,XA01515520T,1380,20250516,1/1/2025,6/30/2025,661,774,712,113,0,0,0,548,False,False,False,MEASURED
Hn-37,2025-05-21,XA003777453,1277,20250624,1/1/2025,6/30/2025,10087,12186,11196,2463,160,20,140,7464,False,False,False,MEASURED
Hn-37,2025-06-17,XA00865108C,1191,20250804,1/1/2025,6/30/2025,191742,154917,185759,148538,6280,450,5830,36924,False,False,False,MEASURED
Hn-37,2025-07-02,XA04105780J,401,20250804,1/1/2025,6/30/2025,74626,60098,72265,43350,1460,130,1330,29816,False,False,False,MEASURED
Hn-37,2025-07-30,XA02735112Q,562,20250819,7/1/2025,12/31/2025,284422,229026,275423,220584,5430,410,5020,58408,False,False,False,MEASURED
Hn-37,2025-08-27,XA01024064V,286,20250915,7/1/2025,12/31/2025,72804,58568,70491,19698,1110,80,1030,51996,False,False,False,MEASURED
Hn-37,2025-09-10,XA00895574Z,202,20250930,7/1/2025,12/31/2025,17653,17347,17653,0,40,0,40,17613,False,False,False,MEASURED
Hn-37,2026-01-08,XA008449932,180,20260320,7/1/2025,12/31/2025,10,10,10,0,0,0,0,10,False,False,False,MEASURED
Hn-39,2025-03-12,XA02716235J,880,20250331,1/1/2025,6/30/2025,445,679,555,244,0,0,0,201,False,False,False,MEASURED
Hn-39,2025-03-25,XA008904655,1030,20250331,1/1/2025,6/30/2025,2966,3892,3383,926,620,30,590,1420,False,False,False,MEASURED
Hn-39,2025-04-08,XA04105396E,1167,20250502,1/1/2025,6/30/2025,22689,22689,22689,0,4680,250,4430,18009,False,False,False,MEASURED
Hn-39,2025-04-23,XA00877430F,1057,20250502,1/1/2025,6/30/2025,79665,79665,79665,0,550,30,520,79115,False,False,False,MEASURED
Hn-39,2025-05-07,XA02130113Z,1339,20250516,1/1/2025,6/30/2025,47775,47775,47775,0,0,0,0,47775,False,False,False,MEASURED
Hn-39,2025-05-21,XA025318673,1259,20250624,1/1/2025,6/30/2025,559146,559146,559146,0,520,30,490,558626,False,False,False,MEASURED
Hn-39,2025-06-11,XA00767836Y,286,20250624,1/1/2025,6/30/2025,1002370,2370,2370,0,2370,150,2220,-1,True,False,False,EXCEEDED_PARTIAL
Hn-39,2025-07-02,XA00331453Q,1388,20250804,1/1/2025,6/30/2025,1003940,3940,3940,0,3940,250,3690,-1,True,False,False,EXCEEDED_PARTIAL
Hn-39,2025-07-17,XA01089603A,527,20250804,7/1/2025,12/31/2025,1003460,3460,3460,0,3460,410,3050,-1,True,False,False,EXCEEDED_PARTIAL
Hn-39,2025-08-27,XA00872712C,273,20250915,7/1/2025,12/31/2025,1006080,6080,6080,0,6080,440,5640,-1,True,False,False,EXCEEDED_PARTIAL
Hn-39,2025-09-10,XA02703318I,248,20250930,7/1/2025,12/31/2025,1000650,650,650,0,650,40,610,-1,True,False,False,EXCEEDED_PARTIAL
Hn-39,2026-01-08,XA00024736I,167,20260320,7/1/2025,12/31/2025,7,7,7,0,0,0,0,7,False,False,False,MEASURED
Hn-6,2025-01-27,XA006996331,978,20250227,1/1/2025,6/30/2025,1829,1852,1829,0,0,0,0,1829,False,False,False,MEASURED
Hn-6,2025-02-18,XA00859698R,920,20250306,1/1/2025,6/30/2025,24974,24974,24974,0,200,10,190,24774,False,False,False,MEASURED
Hn-6,2025-03-05,XA02629087A,1003,20250331,1/1/2025,6/30/2025,177593,177593,177593,0,1410,110,1300,176183,False,False,False,MEASURED
Hn-6,2025-03-12,XA009925808,981,20250331,1/1/2025,6/30/2025,1000000,0,0,0,0,0,0,-1,True,True,False,SATURATED_FLOOR
Hn-6,2025-03-25,XA011261111,988,20250331,1/1/2025,6/30/2025,1000000,0,0,0,0,0,0,-1,True,True,False,SATURATED_FLOOR
Hn-6,2025-04-08,XA00552203S,1111,20250502,1/1/2025,6/30/2025,1000000,0,0,0,0,0,0,-1,True,True,False,SATURATED_FLOOR
Hn-6,2025-04-23,XA00916631L,1082,20250502,1/1/2025,6/30/2025,1000000,0,0,0,0,0,0,-1,True,True,False,SATURATED_FLOOR
Hn-6,2025-05-07,XA007339960,1324,20250516,1/1/2025,6/30/2025,1000000,0,0,0,0,0,0,-1,True,True,False,SATURATED_FLOOR
Hn-6,2025-05-21,XA012883762,1272,20250624,1/1/2025,6/30/2025,1000000,0,0,0,0,0,0,-1,True,True,False,SATURATED_FLOOR
Hn-6,2025-06-17,XA027504949,1256,20250804,1/1/2025,6/30/2025,1000000,0,0,0,0,0,0,-1,True,True,False,SATURATED_FLOOR
Hn-6,2025-07-02,XA02312961I,397,20250804,1/1/2025,6/30/2025,1000000,0,0,0,0,0,0,-1,True,True,False,SATURATED_FLOOR
Hn-6,2025-07-30,XA00710509I,550,20250819,7/1/2025,12/31/2025,1000000,0,0,0,0,0,0,-1,True,True,False,SATURATED_FLOOR
Hn-6,2025-08-27,XA00773223J,264,20250915,7/1/2025,12/31/2025,1000000,0,0,0,0,0,0,-1,True,True,False,SATURATED_FLOOR
Hn-6,2025-09-10,XA02532790F,206,20250930,7/1/2025,12/31/2025,1000000,0,0,0,0,0,0,-1,True,True,False,SATURATED_FLOOR
Hn-6,2026-01-12,XA01834138E,182,20260320,7/1/2025,12/31/2025,60,56,60,0,0,0,0,60,False,False,False,MEASURED
Hn-8,2025-03-12,XA02347043N,913,20250331,1/1/2025,6/30/2025,155,183,168,30,0,0,0,125,False,False,False,MEASURED
Hn-8,2025-03-25,XA019480298,1024,20250331,1/1/2025,6/30/2025,52999,43023,51378,26333,2760,210,2550,23906,False,False,False,MEASURED
Hn-8,2025-04-08,XA02011930R,1123,20250502,1/1/2025,6/30/2025,107030,86683,103724,45685,4560,290,4270,56785,False,False,False,MEASURED
Hn-8,2025-04-23,XA022638644,1315,20250502,1/1/2025,6/30/2025,1169,1169,1169,0,0,0,0,1169,False,False,False,MEASURED
Hn-8,2025-05-07,XA008594737,1374,20250516,1/1/2025,6/30/2025,1113,1113,1113,0,0,0,0,1113,False,False,False,MEASURED
Hn-8,2025-05-21,XA024854446,1280,20250624,1/1/2025,6/30/2025,16959,16959,16959,0,190,10,180,16769,False,False,False,MEASURED
Hn-8,2025-06-17,XA00933512M,1179,20250804,1/1/2025,6/30/2025,326207,326207,326207,33570,4440,350,4090,288197,False,False,False,MEASURED
Hn-8,2025-07-02,XA01606133U,419,20250804,1/1/2025,6/30/2025,83171,66877,80524,14994,1110,100,1010,67067,False,False,False,MEASURED
Hn-8,2025-07-30,XA02208072U,574,20250819,7/1/2025,12/31/2025,478449,478449,478449,112622,8270,550,7720,357557,False,False,False,MEASURED
Hn-8,2025-08-27,XA00995846R,313,20250915,7/1/2025,12/31/2025,221300,221300,221300,0,950,60,890,220350,False,False,False,MEASURED
Hn-8,2025-09-10,XA00807540Q,215,20250930,7/1/2025,12/31/2025,41226,41226,41226,0,0,0,0,41226,False,False,False,MEASURED
Hn-8,2026-01-08,XA00822408H,201,20260320,7/1/2025,12/31/2025,6,5,6,0,0,0,0,6,False,False,False,MEASURED
Hn-9,2025-03-12,XA01131390U,902,20250331,1/1/2025,6/30/2025,512,711,603,233,0,0,0,279,False,False,False,MEASURED
Hn-9,2025-03-25,XA02256729Z,1025,20250331,1/1/2025,6/30/2025,458428,458428,458428,365065,3590,230,3360,89773,False,False,False,MEASURED
Hn-9,2025-04-08,XA02388763Y,1135,20250502,1/1/2025,6/30/2025,156949,156949,156949,0,3390,200,3190,153559,False,False,False,MEASURED
Hn-9,2025-04-23,XA02833164I,1308,20250502,1/1/2025,6/30/2025,768,729,768,0,0,0,0,768,False,False,False,MEASURED
Hn-9,2025-05-07,XA00750227I,1368,20250516,1/1/2025,6/30/2025,717,692,717,0,0,0,0,717,False,False,False,MEASURED
Hn-9,2025-05-21,XA01141073U,1238,20250624,1/1/2025,6/30/2025,34978,34978,34978,7212,300,20,280,27466,False,False,False,MEASURED
Hn-9,2025-06-17,XA00868649T,1223,20250804,1/1/2025,6/30/2025,1008550,8550,8550,0,8550,560,7990,-1,True,False,False,EXCEEDED_PARTIAL
Hn-9,2025-07-02,XA008383578,420,20250804,1/1/2025,6/30/2025,390007,390007,390007,111251,1940,130,1810,276816,False,False,False,MEASURED
Hn-9,2025-07-30,XA02110669C,560,20250819,7/1/2025,12/31/2025,1008120,8120,8120,0,8120,610,7510,-1,True,False,False,EXCEEDED_PARTIAL
Hn-9,2025-08-27,XA00775600H,507,20250915,7/1/2025,12/31/2025,181956,146123,176135,68920,1490,100,1390,111546,False,False,False,MEASURED
Hn-9,2025-09-10,XA02475062I,220,20250930,7/1/2025,12/31/2025,17044,13666,16495,0,30,0,30,17014,False,False,False,MEASURED
Hn-9,2026-01-08,XA00201372Z,186,20260320,7/1/2025,12/31/2025,10,10,10,0,0,0,0,10,False,False,False,MEASURED
Hs-1,2025-03-12,XA00597014G,912,20250331,1/1/2025,6/30/2025,751,751,751,0,0,0,0,751,False,False,False,MEASURED
Hs-1,2025-03-25,XA01852799S,976,20250331,1/1/2025,6/30/2025,13444,13444,13444,0,380,20,360,13064,False,False,False,MEASURED
Hs-1,2025-04-08,XA01974937R,1114,20250502,1/1/2025,6/30/2025,35603,35603,35603,0,1390,130,1260,34213,False,False,False,MEASURED
Hs-1,2025-04-23,XA012973456,1101,20250502,1/1/2025,6/30/2025,10864,10864,10864,0,250,20,230,10614,False,False,False,MEASURED
Hs-1,2025-05-07,XA008368538,1357,20250516,1/1/2025,6/30/2025,4422,4422,4422,0,30,0,30,4392,False,False,False,MEASURED
Hs-1,2025-05-21,XA00992033H,1260,20250624,1/1/2025,6/30/2025,26001,26001,26001,0,130,10,120,25871,False,False,False,MEASURED
Hs-1,2025-06-17,XA009329638,1185,20250804,1/1/2025,6/30/2025,552374,552374,552374,0,11910,930,10980,540464,False,False,False,MEASURED
Hs-1,2025-07-02,XA007049684,382,20250804,1/1/2025,6/30/2025,270445,270445,270445,0,6100,430,5670,264345,False,False,False,MEASURED
Hs-1,2025-07-30,XA00829167C,570,20250819,7/1/2025,12/31/2025,596843,596843,596843,0,9540,740,8800,587303,False,False,False,MEASURED
Hs-1,2025-08-27,XA01370041U,306,20250915,7/1/2025,12/31/2025,187772,150488,181715,0,0,0,0,187772,False,False,False,MEASURED
Hs-1,2025-09-10,XA00541196I,225,20250930,7/1/2025,12/31/2025,61025,61025,61025,0,0,0,0,61025,False,False,False,MEASURED
Hs-1,2026-01-12,XA00788990X,147,20260320,7/1/2025,12/31/2025,6,6,6,0,0,0,0,6,False,False,False,MEASURED
Hs-10,2025-03-12,XA007941971,874,20250331,1/1/2025,6/30/2025,188,279,230,94,0,0,0,94,False,False,False,MEASURED
Hs-10,2025-03-25,XA010883194,1002,20250331,1/1/2025,6/30/2025,7810,12071,9821,4469,430,30,400,2911,False,False,False,MEASURED
Hs-10,2025-04-08,XA011990964,1169,20250502,1/1/2025,6/30/2025,76056,61381,73672,36935,2150,150,2000,36971,False,False,False,MEASURED
Hs-10,2025-04-23,XA00076910G,1058,20250502,1/1/2025,6/30/2025,249900,249900,249900,0,240,20,220,249660,False,False,False,MEASURED
Hs-10,2025-05-07,XA02417260S,1330,20250516,1/1/2025,6/30/2025,193493,193493,193493,0,30,0,30,193463,False,False,False,MEASURED
Hs-10,2025-05-21,XA01986924U,1249,20250624,1/1/2025,6/30/2025,1000140,140,140,0,140,10,130,-1,True,False,False,EXCEEDED_PARTIAL
Hs-10,2025-06-17,XA02273353F,278,20250804,1/1/2025,6/30/2025,1013760,13760,13760,0,13760,1040,12720,-1,True,False,False,EXCEEDED_PARTIAL
Hs-10,2025-07-02,XA02358044I,416,20250804,1/1/2025,6/30/2025,1004080,4080,4080,0,4080,340,3740,-1,True,False,False,EXCEEDED_PARTIAL
Hs-10,2025-07-30,XA028858022,567,20250819,7/1/2025,12/31/2025,1010330,10330,10330,0,10330,670,9660,-1,True,False,False,EXCEEDED_PARTIAL
Hs-10,2025-08-27,XA00813136P,258,20250915,7/1/2025,12/31/2025,1000000,0,0,0,0,0,0,-1,True,True,False,SATURATED_FLOOR
Hs-10,2025-09-10,XA00533407J,209,20250930,7/1/2025,12/31/2025,1000000,0,0,0,0,0,0,-1,True,True,False,SATURATED_FLOOR
Hs-10,2026-01-12,XA02484709V,165,20260320,7/1/2025,12/31/2025,6,6,6,0,0,0,0,6,False,False,False,MEASURED
Hs-12,2025-03-12,XA00569085B,915,20250331,1/1/2025,6/30/2025,215085,229039,208206,227189,1850,140,1710,0,False,False,False,MEASURED
Hs-12,2025-03-25,XA007582949,1027,20250331,1/1/2025,6/30/2025,38062,31450,36988,0,4760,500,4260,33302,False,False,False,MEASURED
Hs-12,2025-04-08,XA02895407Y,1154,20250502,1/1/2025,6/30/2025,36536,36536,36536,0,6190,510,5680,30346,False,False,False,MEASURED
Hs-12,2025-04-23,XA008828037,1095,20250502,1/1/2025,6/30/2025,8049,7836,8049,0,480,40,440,7569,False,False,False,MEASURED
Hs-12,2025-05-07,XA008566538,1331,20250516,1/1/2025,6/30/2025,6527,6427,6527,0,430,80,350,6097,False,False,False,MEASURED
Hs-12,2025-05-21,XA02895518T,1285,20250624,1/1/2025,6/30/2025,54241,54241,54241,0,350,40,310,53891,False,False,False,MEASURED
Hs-12,2025-06-11,XA00096492A,1245,20250624,1/1/2025,6/30/2025,234315,234315,234315,0,500,60,440,233815,False,False,False,MEASURED
Hs-12,2025-07-02,XA01411626K,1385,20250804,1/1/2025,6/30/2025,221932,177937,214785,0,360,50,310,221572,False,False,False,MEASURED
Hs-12,2025-07-17,XA02318805C,544,20250804,7/1/2025,12/31/2025,140902,113066,136380,0,710,70,640,140192,False,False,False,MEASURED
Hs-12,2025-08-27,XA003659429,278,20250915,7/1/2025,12/31/2025,750019,750019,750019,0,700,90,610,749319,False,False,False,MEASURED
Hs-12,2025-09-10,XA011507298,242,20250930,7/1/2025,12/31/2025,115285,115285,115285,0,0,0,0,115285,False,False,False,MEASURED
Hs-12,2026-01-08,XA021955651,195,20260320,7/1/2025,12/31/2025,8,8,8,0,0,0,0,8,False,False,False,MEASURED
Hs-13,2025-01-27,XA018812864,1007,20250227,1/1/2025,6/30/2025,1000280,280,280,0,280,20,260,-1,True,False,False,EXCEEDED_PARTIAL
Hs-13,2025-02-18,XA00798501A,937,20250306,1/1/2025,6/30/2025,1000000,0,0,0,0,0,0,-1,True,True,False,SATURATED_FLOOR
Hs-13,2025-03-05,XA02907010Y,930,20250331,1/1/2025,6/30/2025,1007360,7360,7360,0,7360,500,6860,-1,True,False,False,EXCEEDED_PARTIAL
Hs-13,2025-03-12,XA02432427F,953,20250331,1/1/2025,6/30/2025,1000000,0,0,0,0,0,0,-1,True,True,False,SATURATED_FLOOR
Hs-13,2025-03-25,XA01123582N,960,20250331,1/1/2025,6/30/2025,1000000,0,0,0,0,0,0,-1,True,True,False,SATURATED_FLOOR
Hs-13,2025-04-08,XA02581351G,1131,20250502,1/1/2025,6/30/2025,1000000,0,0,0,0,0,0,-1,True,True,False,SATURATED_FLOOR
Hs-13,2025-04-23,XA02110336R,1142,20250502,1/1/2025,6/30/2025,1000000,0,0,0,0,0,0,-1,True,True,False,SATURATED_FLOOR
Hs-13,2025-05-07,XA009296936,1353,20250516,1/1/2025,6/30/2025,1000000,0,0,0,0,0,0,-1,True,True,False,SATURATED_FLOOR
Hs-13,2025-05-21,XA00827616B,1224,20250624,1/1/2025,6/30/2025,1000000,0,0,0,0,0,0,-1,True,True,False,SATURATED_FLOOR
Hs-13,2025-06-17,XA00087305G,273,20250804,1/1/2025,6/30/2025,1000000,0,0,0,0,0,0,-1,True,True,False,SATURATED_FLOOR
Hs-13,2025-07-02,XA00003619L,412,20250804,1/1/2025,6/30/2025,1000000,0,0,0,0,0,0,-1,True,True,False,SATURATED_FLOOR
Hs-13,2025-07-30,XA00743521N,549,20250819,7/1/2025,12/31/2025,1000000,0,0,0,0,0,0,-1,True,True,False,SATURATED_FLOOR
Hs-13,2025-08-27,XA024891373,287,20250915,7/1/2025,12/31/2025,1000000,0,0,0,0,0,0,-1,True,True,False,SATURATED_FLOOR
Hs-13,2025-09-10,XA01139636A,219,20250930,7/1/2025,12/31/2025,1011570,11570,11570,0,11570,730,10840,-1,True,False,False,EXCEEDED_PARTIAL
Hs-13,2026-01-12,XA005647159,192,20260320,7/1/2025,12/31/2025,35,35,35,0,0,0,0,35,False,False,False,MEASURED
Hs-14,2025-03-12,XA01048506F,894,20250331,1/1/2025,6/30/2025,1234,1571,1394,357,280,20,260,597,False,False,False,MEASURED
Hs-14,2025-03-25,XA00620175Q,944,20250331,1/1/2025,6/30/2025,171734,171734,171734,0,9980,700,9280,161754,False,False,False,MEASURED
Hs-14,2025-04-08,XA02218551M,1162,20250502,1/1/2025,6/30/2025,1000000,0,0,0,0,0,0,-1,True,True,False,SATURATED_FLOOR
Hs-14,2025-04-23,XA01435335J,1089,20250502,1/1/2025,6/30/2025,165708,133022,160397,0,1090,110,980,164618,False,False,False,MEASURED
Hs-14,2025-05-07,XA02356283E,1347,20250516,1/1/2025,6/30/2025,113896,91579,110270,0,1500,150,1350,112396,False,False,False,MEASURED
Hs-14,2025-05-21,XA02109702N,1263,20250624,1/1/2025,6/30/2025,1001040,1040,1040,0,1040,80,960,-1,True,False,False,EXCEEDED_PARTIAL
Hs-14,2025-06-11,XA00555341N,1181,20250624,1/1/2025,6/30/2025,1000620,620,620,0,620,50,570,-1,True,False,False,EXCEEDED_PARTIAL
Hs-14,2025-07-02,XA00702681O,1399,20250804,1/1/2025,6/30/2025,1000860,860,860,0,860,100,760,-1,True,False,False,EXCEEDED_PARTIAL
Hs-14,2025-07-17,XA003142121,541,20250804,7/1/2025,12/31/2025,1000560,560,560,0,560,40,520,-1,True,False,False,EXCEEDED_PARTIAL
Hs-14,2025-08-27,XA02676665X,292,20250915,7/1/2025,12/31/2025,1000770,770,770,0,770,70,700,-1,True,False,False,EXCEEDED_PARTIAL
Hs-14,2025-09-10,XA006974816,249,20250930,7/1/2025,12/31/2025,1000140,140,140,0,140,20,120,-1,True,False,False,EXCEEDED_PARTIAL
Hs-14,2026-01-08,XA01010145Z,217,20260320,7/1/2025,12/31/2025,9,9,9,0,0,0,0,9,False,False,False,MEASURED
Hs-15,2025-01-27,XA00558841A,877,20250227,1/1/2025,6/30/2025,82273,65957,79622,30189,100,0,100,51984,False,False,False,MEASURED
Hs-15,2025-02-18,XA02041286I,917,20250306,1/1/2025,6/30/2025,1019510,19510,19510,0,19510,960,18550,-1,True,False,False,EXCEEDED_PARTIAL
Hs-15,2025-03-05,XA02888723X,942,20250331,1/1/2025,6/30/2025,1012680,12680,12680,0,12680,710,11970,-1,True,False,False,EXCEEDED_PARTIAL
Hs-15,2025-03-12,XA00855430L,954,20250331,1/1/2025,6/30/2025,1000000,0,0,0,0,0,0,-1,True,True,False,SATURATED_FLOOR
Hs-15,2025-03-25,XA027577912,959,20250331,1/1/2025,6/30/2025,1000000,0,0,0,0,0,0,-1,True,True,False,SATURATED_FLOOR
Hs-15,2025-04-08,XA00008746H,1121,20250502,1/1/2025,6/30/2025,1000000,0,0,0,0,0,0,-1,True,True,False,SATURATED_FLOOR
Hs-15,2025-04-23,XA02537977U,1080,20250502,1/1/2025,6/30/2025,1000000,0,0,0,0,0,0,-1,True,True,False,SATURATED_FLOOR
Hs-15,2025-05-07,XA008641984,1381,20250516,1/1/2025,6/30/2025,1000000,0,0,0,0,0,0,-1,True,True,False,SATURATED_FLOOR
Hs-15,2025-05-21,XA00535524J,1257,20250624,1/1/2025,6/30/2025,1000000,0,0,0,0,0,0,-1,True,True,False,SATURATED_FLOOR
Hs-15,2025-06-11,XA02590478X,1211,20250624,1/1/2025,6/30/2025,1000000,0,0,0,0,0,0,-1,True,True,False,SATURATED_FLOOR
Hs-15,2025-07-02,XA01115708F,304,20250804,1/1/2025,6/30/2025,1000000,0,0,0,0,0,0,-1,True,True,False,SATURATED_FLOOR
Hs-15,2025-07-17,XA00244338G,537,20250804,7/1/2025,12/31/2025,1000000,0,0,0,0,0,0,-1,True,True,False,SATURATED_FLOOR
Hs-15,2025-08-27,XA00012929D,268,20250915,7/1/2025,12/31/2025,1000000,0,0,0,0,0,0,-1,True,True,False,SATURATED_FLOOR
Hs-15,2025-09-10,XA00819384E,244,20250930,7/1/2025,12/31/2025,1000000,0,0,0,0,0,0,-1,True,True,False,SATURATED_FLOOR
Hs-15,2026-01-12,XA008555937,141,20260320,7/1/2025,12/31/2025,63,63,63,0,0,0,0,63,False,False,False,MEASURED
Hs-16,2025-03-12,XA014222201,893,20250331,1/1/2025,6/30/2025,5972,6186,6203,0,420,30,390,5552,False,False,False,MEASURED
Hs-16,2025-03-25,XA00632914E,1000,20250331,1/1/2025,6/30/2025,156976,156976,156976,0,7880,540,7340,149096,False,False,False,MEASURED
Hs-16,2025-04-08,XA00762050T,1108,20250502,1/1/2025,6/30/2025,158921,158921,158921,0,7440,510,6930,151481,False,False,False,MEASURED
Hs-16,2025-04-23,XA00742673D,1099,20250502,1/1/2025,6/30/2025,91290,91290,91290,0,720,90,630,90570,False,False,False,MEASURED
Hs-16,2025-05-07,XA00374276B,1323,20250516,1/1/2025,6/30/2025,59011,59011,59011,0,1000,140,860,58011,False,False,False,MEASURED
Hs-16,2025-05-21,XA02333521P,1237,20250624,1/1/2025,6/30/2025,757275,757275,757275,0,820,60,760,756455,False,False,False,MEASURED
Hs-16,2025-06-11,XA00644692C,277,20250624,1/1/2025,6/30/2025,1000870,870,870,0,870,60,810,-1,True,False,False,EXCEEDED_PARTIAL
Hs-16,2025-07-02,XA01908030X,288,20250804,1/1/2025,6/30/2025,1000530,530,530,0,530,70,460,-1,True,False,False,EXCEEDED_PARTIAL
Hs-16,2025-07-17,XA007795823,531,20250804,7/1/2025,12/31/2025,1001140,1140,1140,0,1140,100,1040,-1,True,False,False,EXCEEDED_PARTIAL
Hs-16,2025-08-27,XA01090452I,271,20250915,7/1/2025,12/31/2025,1000810,810,810,0,810,80,730,-1,True,False,False,EXCEEDED_PARTIAL
Hs-16,2025-09-10,XA006881590,303,20250930,7/1/2025,12/31/2025,1000120,120,120,0,120,10,110,-1,True,False,False,EXCEEDED_PARTIAL
Hs-16,2026-01-08,XA022945536,200,20260320,7/1/2025,12/31/2025,0,0,0,0,0,0,0,0,False,False,False,MEASURED
Hs-17,2025-03-12,XA00607746C,882,20250331,1/1/2025,6/30/2025,158,255,205,104,0,0,0,54,False,False,False,MEASURED
Hs-17,2025-03-25,XA00822711O,974,20250331,1/1/2025,6/30/2025,16051,20214,17924,4163,570,40,530,11318,False,False,False,MEASURED
Hs-17,2025-04-08,XA005799215,1139,20250502,1/1/2025,6/30/2025,170507,170507,170507,0,2230,230,2000,168277,False,False,False,MEASURED
Hs-17,2025-04-23,XA00010729J,1075,20250502,1/1/2025,6/30/2025,151054,151054,151054,0,420,30,390,150634,False,False,False,MEASURED
Hs-17,2025-05-07,XA006157595,1338,20250516,1/1/2025,6/30/2025,107236,107236,107236,0,60,0,60,107176,False,False,False,MEASURED
Hs-17,2025-05-21,XA01351771G,1246,20250624,1/1/2025,6/30/2025,1000220,220,220,0,220,20,200,-1,True,False,False,EXCEEDED_PARTIAL
Hs-17,2025-06-17,XA00369280J,1283,20250804,1/1/2025,6/30/2025,1000000,0,0,0,0,0,0,-1,True,True,False,SATURATED_FLOOR
Hs-17,2025-07-02,XA02553241N,402,20250804,1/1/2025,6/30/2025,1007020,7020,7020,0,7020,600,6420,-1,True,False,False,EXCEEDED_PARTIAL
Hs-17,2025-07-30,XA00658072K,564,20250819,7/1/2025,12/31/2025,1000000,0,0,0,0,0,0,-1,True,True,False,SATURATED_FLOOR
Hs-17,2025-08-27,XA02336570J,513,20250915,7/1/2025,12/31/2025,1000000,0,0,0,0,0,0,-1,True,True,False,SATURATED_FLOOR
Hs-17,2025-09-10,XA014681982,203,20250930,7/1/2025,12/31/2025,1000000,0,0,0,0,0,0,-1,True,True,False,SATURATED_FLOOR
Hs-17,2026-01-12,XA03481378Z,143,20260320,7/1/2025,12/31/2025,11,11,11,0,0,0,0,11,False,False,False,MEASURED
Hs-18,2025-01-27,XA00642026P,875,20250227,1/1/2025,6/30/2025,3919,4910,4365,990,50,0,50,2879,False,False,False,MEASURED
Hs-18,2025-02-18,XA01049024Q,924,20250306,1/1/2025,6/30/2025,12984,17563,15139,5228,270,10,260,7486,False,False,False,MEASURED
Hs-18,2025-03-05,XA01190126I,929,20250331,1/1/2025,6/30/2025,112774,90686,109185,50104,1530,110,1420,61140,False,False,False,MEASURED
Hs-18,2025-03-12,XA013718439,956,20250331,1/1/2025,6/30/2025,1000000,0,0,0,0,0,0,-1,True,True,False,SATURATED_FLOOR
Hs-18,2025-03-25,XA008277276,989,20250331,1/1/2025,6/30/2025,1000000,0,0,0,0,0,0,-1,True,True,False,SATURATED_FLOOR
Hs-18,2025-04-08,XA024418185,1126,20250502,1/1/2025,6/30/2025,1000000,0,0,0,0,0,0,-1,True,True,False,SATURATED_FLOOR
Hs-18,2025-04-23,XA023495184,1068,20250502,1/1/2025,6/30/2025,1000000,0,0,0,0,0,0,-1,True,True,False,SATURATED_FLOOR
Hs-18,2025-05-07,XA02109371Q,1334,20250516,1/1/2025,6/30/2025,1000000,0,0,0,0,0,0,-1,True,True,False,SATURATED_FLOOR
Hs-18,2025-05-21,XA006345398,1289,20250624,1/1/2025,6/30/2025,1000000,0,0,0,0,0,0,-1,True,True,False,SATURATED_FLOOR
Hs-18,2025-06-17,XA02595536Y,1177,20250804,1/1/2025,6/30/2025,1000000,0,0,0,0,0,0,-1,True,True,False,SATURATED_FLOOR
Hs-18,2025-07-02,XA010438759,394,20250804,1/1/2025,6/30/2025,1000000,0,0,0,0,0,0,-1,True,True,False,SATURATED_FLOOR
Hs-18,2025-07-30,XA01917155I,561,20250819,7/1/2025,12/31/2025,1000000,0,0,0,0,0,0,-1,True,True,False,SATURATED_FLOOR
Hs-18,2025-08-27,XA01144774B,521,20250915,7/1/2025,12/31/2025,1000000,0,0,0,0,0,0,-1,True,True,False,SATURATED_FLOOR
Hs-18,2025-09-10,XA018806271,224,20250930,7/1/2025,12/31/2025,1000000,0,0,0,0,0,0,-1,True,True,False,SATURATED_FLOOR
Hs-18,2026-01-12,XA025359841,191,20260320,7/1/2025,12/31/2025,71,71,71,0,0,0,0,71,False,False,False,MEASURED
Hs-2,2025-03-12,XA02163080R,890,20250331,1/1/2025,6/30/2025,460,586,519,154,0,0,0,306,False,False,False,MEASURED
Hs-2,2025-03-25,XA04105782F,1026,20250331,1/1/2025,6/30/2025,18950,18950,18950,0,520,50,470,18430,False,False,False,MEASURED
Hs-2,2025-04-08,XA02006005Z,1163,20250502,1/1/2025,6/30/2025,85344,85344,85344,0,1780,140,1640,83564,False,False,False,MEASURED
Hs-2,2025-04-23,XA02543365D,1074,20250502,1/1/2025,6/30/2025,89571,89571,89571,0,350,20,330,89221,False,False,False,MEASURED
Hs-2,2025-05-07,XA01057705C,1376,20250516,1/1/2025,6/30/2025,53416,53416,53416,0,60,0,60,53356,False,False,False,MEASURED
Hs-2,2025-05-21,XA00734423M,1282,20250624,1/1/2025,6/30/2025,562571,562571,562571,0,150,10,140,562421,False,False,False,MEASURED
Hs-2,2025-06-17,XA00216612S,300,20250804,1/1/2025,6/30/2025,1005870,5870,5870,0,5870,1030,4840,-1,True,False,False,EXCEEDED_PARTIAL
Hs-2,2025-07-02,XA005368284,406,20250804,1/1/2025,6/30/2025,1005660,5660,5660,0,5660,400,5260,-1,True,False,False,EXCEEDED_PARTIAL
Hs-2,2025-07-30,XA00796171D,563,20250819,7/1/2025,12/31/2025,1009800,9800,9800,0,9800,690,9110,-1,True,False,False,EXCEEDED_PARTIAL
Hs-2,2025-08-27,XA01029526G,261,20250915,7/1/2025,12/31/2025,1000000,0,0,0,0,0,0,-1,True,True,False,SATURATED_FLOOR
Hs-2,2025-09-10,XA00789278W,207,20250930,7/1/2025,12/31/2025,1000040,40,40,0,40,0,40,-1,True,False,False,EXCEEDED_PARTIAL
Hs-2,2026-01-12,XA02712302U,148,20260320,7/1/2025,12/31/2025,5,5,5,0,0,0,0,5,False,False,False,MEASURED
Hs-20,2025-03-12,XA01121426P,911,20250331,1/1/2025,6/30/2025,2112,2488,2296,408,410,30,380,1294,False,False,False,MEASURED
Hs-20,2025-03-25,XA010277199,1028,20250331,1/1/2025,6/30/2025,200306,200306,200306,38178,7770,710,7060,154358,False,False,False,MEASURED
Hs-20,2025-04-08,XA01407363O,1115,20250502,1/1/2025,6/30/2025,509803,509803,509803,0,0,0,0,509803,False,False,True,MEASURED
Hs-20,2025-04-23,XA00813523O,1081,20250502,1/1/2025,6/30/2025,118137,118137,118137,0,930,80,850,117207,False,False,False,MEASURED
Hs-20,2025-05-07,XA007867143,1337,20250516,1/1/2025,6/30/2025,97691,97691,97691,0,1230,150,1080,96461,False,False,False,MEASURED
Hs-20,2025-05-21,XA011825468,1267,20250624,1/1/2025,6/30/2025,1000790,790,790,0,790,70,720,-1,True,False,False,EXCEEDED_PARTIAL
Hs-20,2025-06-11,XA00936781A,1203,20250624,1/1/2025,6/30/2025,1000950,950,950,0,950,70,880,-1,True,False,False,EXCEEDED_PARTIAL
Hs-20,2025-07-02,XA00930920K,1405,20250804,1/1/2025,6/30/2025,1000850,850,850,0,850,80,770,-1,True,False,False,EXCEEDED_PARTIAL
Hs-20,2025-07-17,XA00764126G,526,20250804,7/1/2025,12/31/2025,1001150,1150,1150,0,1150,70,1080,-1,True,False,False,EXCEEDED_PARTIAL
Hs-20,2025-08-27,XA02350008M,274,20250915,7/1/2025,12/31/2025,1000650,650,650,0,650,80,570,-1,True,False,False,EXCEEDED_PARTIAL
Hs-20,2025-09-10,XA02539125H,250,20250930,7/1/2025,12/31/2025,1000120,120,120,0,120,10,110,-1,True,False,False,EXCEEDED_PARTIAL
Hs-20,2026-01-08,XA01094391E,172,20260320,7/1/2025,12/31/2025,9,9,9,0,0,0,0,9,False,False,False,MEASURED
Hs-3,2025-03-12,XA015259762,873,20250331,1/1/2025,6/30/2025,80,109,93,29,0,0,0,51,False,False,False,MEASURED
Hs-3,2025-03-25,XA002794862,1035,20250331,1/1/2025,6/30/2025,3267,4528,3889,1382,390,30,360,1495,False,False,False,MEASURED
Hs-3,2025-04-08,XA007780783,1136,20250502,1/1/2025,6/30/2025,37643,30401,36467,13237,1170,90,1080,23236,False,False,False,MEASURED
Hs-3,2025-04-23,XA00600179M,1098,20250502,1/1/2025,6/30/2025,216168,173284,209201,0,190,20,170,215978,False,False,False,MEASURED
Hs-3,2025-05-07,XA01107567F,1371,20250516,1/1/2025,6/30/2025,194438,155831,188166,0,0,0,0,194438,False,False,False,MEASURED
Hs-3,2025-05-21,XA01075522I,1218,20250624,1/1/2025,6/30/2025,1000110,110,110,0,110,0,110,-1,True,False,False,EXCEEDED_PARTIAL
Hs-3,2025-06-17,XA02692528X,1216,20250804,1/1/2025,6/30/2025,1024700,1024700,1024700,541333,5970,0,0,477397,False,False,False,MEASURED
Hs-3,2025-07-02,XA00825376D,393,20250804,1/1/2025,6/30/2025,1004580,4580,4580,0,4580,250,4330,-1,True,False,False,EXCEEDED_PARTIAL
Hs-3,2025-07-30,XA01294191G,548,20250819,7/1/2025,12/31/2025,1007450,7450,7450,0,7450,510,6940,-1,True,False,False,EXCEEDED_PARTIAL
Hs-3,2025-08-27,XA005439564,288,20250915,7/1/2025,12/31/2025,1000000,0,0,0,0,0,0,-1,True,True,False,SATURATED_FLOOR
Hs-3,2025-09-10,XA01091117H,228,20250930,7/1/2025,12/31/2025,1000000,0,0,0,0,0,0,-1,True,True,False,SATURATED_FLOOR
Hs-3,2026-01-12,XA02448016I,150,20260320,7/1/2025,12/31/2025,0,0,0,0,0,0,0,0,False,False,False,MEASURED
Hs-4,2025-01-27,XA04105442P,947,20250227,1/1/2025,6/30/2025,0,0,0,0,0,0,0,0,False,False,False,MEASURED
Hs-4,2025-02-18,XA00121037W,921,20250306,1/1/2025,6/30/2025,643,677,658,34,420,70,350,189,False,False,False,MEASURED
Hs-4,2025-03-05,XA02532141U,939,20250331,1/1/2025,6/30/2025,46,47,46,0,0,0,0,46,False,False,False,MEASURED
Hs-4,2025-03-12,XA01701687B,951,20250331,1/1/2025,6/30/2025,1298,1298,1298,0,970,70,900,328,False,False,False,MEASURED
Hs-4,2025-03-25,XA019184197,943,20250331,1/1/2025,6/30/2025,11254,11254,11254,0,8580,590,7990,2674,False,False,False,MEASURED
Hs-4,2025-04-08,XA006986621,1150,20250502,1/1/2025,6/30/2025,6454,6454,6454,0,0,0,0,6454,False,False,True,MEASURED
Hs-4,2025-04-23,XA00636763B,1312,20250502,1/1/2025,6/30/2025,4051,4051,4051,0,3220,280,2940,831,False,False,False,MEASURED
Hs-4,2025-05-07,XA02175770A,1379,20250516,1/1/2025,6/30/2025,5729,5729,5729,0,4310,320,3990,1419,False,False,False,MEASURED
Hs-4,2025-05-21,XA01830302T,1255,20250624,1/1/2025,6/30/2025,7316,7316,7316,0,5380,470,4910,1936,False,False,False,MEASURED
Hs-4,2025-06-11,XA00914661K,279,20250624,1/1/2025,6/30/2025,4070,4027,4070,0,1290,110,1180,2780,False,False,False,MEASURED
Hs-4,2025-07-02,XA00820864D,296,20250804,1/1/2025,6/30/2025,3962,3810,3962,0,650,60,590,3312,False,False,False,MEASURED
Hs-4,2025-07-17,XA007784165,543,20250804,7/1/2025,12/31/2025,3190,3103,3190,0,900,70,830,2290,False,False,False,MEASURED
Hs-4,2025-08-27,XA00912143U,296,20250915,7/1/2025,12/31/2025,9417,8995,9417,0,1620,180,1440,7797,False,False,False,MEASURED
Hs-4,2025-09-10,XA00247090T,302,20250930,7/1/2025,12/31/2025,1634,1614,1634,0,180,20,160,1454,False,False,False,MEASURED
Hs-4,2026-01-12,XA00758581A,173,20260320,7/1/2025,12/31/2025,22,22,22,0,0,0,0,22,False,False,False,MEASURED
Hs-5,2025-01-27,XA02599825R,992,20250227,1/1/2025,6/30/2025,0,0,0,0,0,0,0,0,False,False,False,MEASURED
Hs-5,2025-02-18,XA008583392,923,20250306,1/1/2025,6/30/2025,0,0,0,0,0,0,0,0,False,False,False,MEASURED
Hs-5,2025-03-05,XA00870425D,928,20250331,1/1/2025,6/30/2025,0,0,0,0,0,0,0,0,False,False,False,MEASURED
Hs-5,2025-03-12,XA00991110O,972,20250331,1/1/2025,6/30/2025,654,654,654,0,540,60,480,114,False,False,False,MEASURED
Hs-5,2025-03-25,XA00048564F,1048,20250331,1/1/2025,6/30/2025,5635,5635,5635,0,4600,410,4190,1035,False,False,False,MEASURED
Hs-5,2025-04-08,XA00772759V,1128,20250502,1/1/2025,6/30/2025,7882,7882,7882,0,6450,480,5970,1432,False,False,False,MEASURED
Hs-5,2025-04-23,XA01817751F,1072,20250502,1/1/2025,6/30/2025,1201,1185,1201,0,620,50,570,581,False,False,False,MEASURED
Hs-5,2025-05-07,XA01820064R,1362,20250516,1/1/2025,6/30/2025,1165,1149,1165,0,670,50,620,495,False,False,False,MEASURED
Hs-5,2025-05-21,XA00568124I,1275,20250624,1/1/2025,6/30/2025,7636,7553,7636,0,2040,290,1750,5596,False,False,False,MEASURED
Hs-5,2025-06-17,XA01145370Q,283,20250804,1/1/2025,6/30/2025,18045,14627,17490,0,830,70,760,17215,False,False,False,MEASURED
Hs-5,2025-07-02,XA019347076,415,20250804,1/1/2025,6/30/2025,18998,18751,18998,0,270,20,250,18728,False,False,False,MEASURED
Hs-5,2025-07-30,XA01115234U,556,20250819,7/1/2025,12/31/2025,26581,21534,25761,0,1160,130,1030,25421,False,False,False,MEASURED
Hs-5,2025-08-27,XA008317949,310,20250915,7/1/2025,12/31/2025,32781,26388,31743,0,580,60,520,32201,False,False,False,MEASURED
Hs-5,2025-09-10,XA00564543E,213,20250930,7/1/2025,12/31/2025,11862,11655,11862,0,0,0,0,11862,False,False,False,MEASURED
Hs-5,2026-01-12,XA00690994W,177,20260320,7/1/2025,12/31/2025,22,22,22,0,0,0,0,22,False,False,False,MEASURED
Hs-6,2025-03-12,XA01043991D,906,20250331,1/1/2025,6/30/2025,1526,2031,1770,541,370,30,340,615,False,False,False,MEASURED
Hs-6,2025-03-25,XA02453697Z,1047,20250331,1/1/2025,6/30/2025,136305,109241,131908,27756,0,0,0,108549,False,False,True,MEASURED
Hs-6,2025-04-08,XA012956452,1124,20250502,1/1/2025,6/30/2025,1000000,0,0,0,0,0,0,-1,True,True,False,SATURATED_FLOOR
Hs-6,2025-04-23,XA00820416M,1093,20250502,1/1/2025,6/30/2025,171564,171564,171564,0,730,70,660,170834,False,False,False,MEASURED
Hs-6,2025-05-07,XA02339414G,1344,20250516,1/1/2025,6/30/2025,123742,123742,123742,0,950,100,850,122792,False,False,False,MEASURED
Hs-6,2025-05-21,XA00934800K,1298,20250624,1/1/2025,6/30/2025,1001090,1090,1090,0,1090,130,960,-1,True,False,False,EXCEEDED_PARTIAL
Hs-6,2025-06-11,XA018299921,1205,20250624,1/1/2025,6/30/2025,1000720,720,720,0,720,60,660,-1,True,False,False,EXCEEDED_PARTIAL
Hs-6,2025-07-02,XA01372326E,1387,20250804,1/1/2025,6/30/2025,1000680,680,680,0,680,90,590,-1,True,False,False,EXCEEDED_PARTIAL
Hs-6,2025-07-17,XA025486074,517,20250804,7/1/2025,12/31/2025,1000650,650,650,0,650,60,590,-1,True,False,False,EXCEEDED_PARTIAL
Hs-6,2025-08-27,XA02896158W,269,20250915,7/1/2025,12/31/2025,1000610,610,610,0,610,60,550,-1,True,False,False,EXCEEDED_PARTIAL
Hs-6,2025-09-10,XA00622400Z,254,20250930,7/1/2025,12/31/2025,1000170,170,170,0,170,20,150,-1,True,False,False,EXCEEDED_PARTIAL
Hs-6,2026-01-08,XA01184002S,216,20260320,7/1/2025,12/31/2025,6,6,6,0,0,0,0,6,False,False,False,MEASURED
Hs-7,2025-01-27,XA01185001T,962,20250227,1/1/2025,6/30/2025,218,214,218,0,0,0,0,218,False,False,False,MEASURED
Hs-7,2025-02-18,XA01184525A,922,20250306,1/1/2025,6/30/2025,92499,76642,89923,33240,12640,780,11860,46619,False,False,False,MEASURED
Hs-7,2025-03-05,XA00860632G,1005,20250331,1/1/2025,6/30/2025,4479,5343,4894,922,720,40,680,2837,False,False,False,MEASURED
Hs-7,2025-03-12,XA022908724,969,20250331,1/1/2025,6/30/2025,22401,22654,22401,0,1370,90,1280,21031,False,False,False,MEASURED
Hs-7,2025-03-25,XA04136520M,998,20250331,1/1/2025,6/30/2025,36172,36172,36172,0,2790,310,2480,33382,False,False,False,MEASURED
Hs-7,2025-04-08,XA008842566,1158,20250502,1/1/2025,6/30/2025,110017,88173,106468,56587,0,0,0,53430,False,False,True,MEASURED
Hs-7,2025-04-23,XA01660940D,1087,20250502,1/1/2025,6/30/2025,18098,14751,17554,0,1240,90,1150,16858,False,False,False,MEASURED
Hs-7,2025-05-07,XA008158088,1348,20250516,1/1/2025,6/30/2025,34068,34068,34068,0,2190,130,2060,31878,False,False,False,MEASURED
Hs-7,2025-05-21,XA02601308M,1254,20250624,1/1/2025,6/30/2025,37574,37574,37574,4113,2390,140,2250,31071,False,False,False,MEASURED
Hs-7,2025-06-11,XA02046514I,1190,20250624,1/1/2025,6/30/2025,76004,61366,73626,0,2280,140,2140,73724,False,False,False,MEASURED
Hs-7,2025-07-02,XA02908372H,1397,20250804,1/1/2025,6/30/2025,85215,68295,82466,0,0,0,0,85215,False,False,True,MEASURED
Hs-7,2025-07-17,XA00185331M,528,20250804,7/1/2025,12/31/2025,59874,48299,57993,0,1580,100,1480,58294,False,False,False,MEASURED
Hs-7,2025-08-27,XA00246088F,266,20250915,7/1/2025,12/31/2025,203717,164344,197321,0,5420,360,5060,198297,False,False,False,MEASURED
Hs-7,2025-09-10,XA01482138A,237,20250930,7/1/2025,12/31/2025,34422,27911,33365,0,1630,90,1540,32792,False,False,False,MEASURED
Hs-7,2026-01-12,XA00347771E,185,20260320,7/1/2025,12/31/2025,10,9,9,0,0,0,0,10,False,False,False,MEASURED
Y-1,2024-05-06,XA02737341J,,,,,0,0,0,0,0,0,0,0,False,False,False,NO_MATCH
Y-1,2024-06-24,XA02737341J,,,,,0,0,0,0,0,0,0,0,False,False,False,NO_MATCH
Y-1,2024-07-29,XA02737341J,,,,,0,0,0,0,0,0,0,0,False,False,False,NO_MATCH
Y-1,2025-01-27,XA008395747,979,20250227,1/1/2025,6/30/2025,1801,2102,1961,356,0,0,0,1445,False,False,False,MEASURED
Y-1,2025-02-18,XA017925080,936,20250306,1/1/2025,6/30/2025,26060,26060,26060,5499,200,10,190,20361,False,False,False,MEASURED
Y-1,2025-03-05,XA01567234E,1008,20250331,1/1/2025,6/30/2025,121133,97405,117278,23750,1630,110,1520,95753,False,False,False,MEASURED
Y-1,2025-03-12,XA00594213H,983,20250331,1/1/2025,6/30/2025,1000000,0,0,0,0,0,0,-1,True,True,False,SATURATED_FLOOR
Y-1,2025-03-25,XA006308784,946,20250331,1/1/2025,6/30/2025,1000000,0,0,0,0,0,0,-1,True,True,False,SATURATED_FLOOR
Y-1,2025-04-08,XA041356194,1140,20250502,1/1/2025,6/30/2025,1000000,0,0,0,0,0,0,-1,True,True,False,SATURATED_FLOOR
Y-1,2025-04-23,XA007949602,1084,20250502,1/1/2025,6/30/2025,1000000,0,0,0,0,0,0,-1,True,True,False,SATURATED_FLOOR
Y-1,2025-05-07,XA00621159J,1369,20250516,1/1/2025,6/30/2025,1000000,0,0,0,0,0,0,-1,True,True,False,SATURATED_FLOOR
Y-1,2025-05-21,XA02360080S,1262,20250624,1/1/2025,6/30/2025,1000000,0,0,0,0,0,0,-1,True,True,False,SATURATED_FLOOR
Y-1,2025-06-17,XA007075887,272,20250804,1/1/2025,6/30/2025,1000000,0,0,0,0,0,0,-1,True,True,False,SATURATED_FLOOR
Y-1,2025-07-02,XA00735803F,403,20250804,1/1/2025,6/30/2025,1000000,0,0,0,0,0,0,-1,True,True,False,SATURATED_FLOOR
Y-1,2025-07-30,XA00036404R,555,20250819,7/1/2025,12/31/2025,1000000,0,0,0,0,0,0,-1,True,True,False,SATURATED_FLOOR
Y-1,2025-08-27,XA008194587,309,20250915,7/1/2025,12/31/2025,1000000,0,0,0,0,0,0,-1,True,True,False,SATURATED_FLOOR
Y-1,2025-09-10,XA008656149,227,20250930,7/1/2025,12/31/2025,1000000,0,0,0,0,0,0,-1,True,True,False,SATURATED_FLOOR
Y-1,2026-01-12,XA005424599,175,20260320,7/1/2025,12/31/2025,40,38,40,0,0,0,0,40,False,False,False,MEASURED
Y-10,2025-03-12,XA00371020Z,892,20250331,1/1/2025,6/30/2025,150,208,150,66,0,0,0,84,False,False,False,MEASURED
Y-10,2025-03-25,XA019096459,1043,20250331,1/1/2025,6/30/2025,7913,11568,9667,3898,410,40,370,3605,False,False,False,MEASURED
Y-10,2025-04-08,XA007799403,1129,20250502,1/1/2025,6/30/2025,84167,67733,81497,26468,1400,120,1280,56299,False,False,False,MEASURED
Y-10,2025-04-23,XA02690629V,1094,20250502,1/1/2025,6/30/2025,261390,209528,252964,0,200,20,180,261190,False,False,False,MEASURED
Y-10,2025-05-07,XA00796586U,1372,20250516,1/1/2025,6/30/2025,201381,161411,194888,0,80,0,80,201301,False,False,False,MEASURED
Y-10,2025-05-21,XA006458092,1243,20250624,1/1/2025,6/30/2025,1000070,70,70,0,70,10,60,-1,True,False,False,EXCEEDED_PARTIAL
Y-10,2025-06-17,XA00791341H,1186,20250804,1/1/2025,6/30/2025,1000000,0,0,0,0,0,0,-1,True,True,False,SATURATED_FLOOR
Y-10,2025-07-02,XA00768498V,417,20250804,1/1/2025,6/30/2025,1002920,2920,2920,0,2920,220,2700,-1,True,False,False,EXCEEDED_PARTIAL
Y-10,2025-07-30,XA027901294,558,20250819,7/1/2025,12/31/2025,1008550,8550,8550,0,8550,560,7990,-1,True,False,False,EXCEEDED_PARTIAL
Y-10,2025-08-27,XA02245114P,262,20250915,7/1/2025,12/31/2025,1000000,0,0,0,0,0,0,-1,True,True,False,SATURATED_FLOOR
Y-10,2025-09-10,XA008429166,226,20250930,7/1/2025,12/31/2025,1000000,0,0,0,0,0,0,-1,True,True,False,SATURATED_FLOOR
Y-10,2026-01-12,XA000948437,174,20260320,7/1/2025,12/31/2025,9,9,9,0,0,0,0,9,False,False,False,MEASURED
Y-11,2025-03-12,XA005786444,891,20250331,1/1/2025,6/30/2025,82,116,98,34,0,0,0,48,False,False,False,MEASURED
Y-11,2025-03-25,XA00595577W,1056,20250331,1/1/2025,6/30/2025,3275,4123,3721,992,390,30,360,1893,False,False,False,MEASURED
Y-11,2025-04-08,XA01431915D,1168,20250502,1/1/2025,6/30/2025,43723,35240,42345,8740,1000,80,920,33983,False,False,False,MEASURED
Y-11,2025-04-23,XA00789617W,1064,20250502,1/1/2025,6/30/2025,252657,202524,244512,0,170,10,160,252487,False,False,False,MEASURED
Y-11,2025-05-07,XA00155226L,1363,20250516,1/1/2025,6/30/2025,225546,180762,218270,0,0,0,0,225546,False,False,False,MEASURED
Y-11,2025-05-21,XA00121087R,1269,20250624,1/1/2025,6/30/2025,1000080,80,80,0,80,0,80,-1,True,False,False,EXCEEDED_PARTIAL
Y-11,2025-06-17,XA00832252Q,301,20250804,1/1/2025,6/30/2025,1008370,8370,8370,0,8370,720,7650,-1,True,False,False,EXCEEDED_PARTIAL
Y-11,2025-07-02,XA00311915K,414,20250804,1/1/2025,6/30/2025,1003290,3290,3290,0,3290,230,3060,-1,True,False,False,EXCEEDED_PARTIAL
Y-11,2025-07-30,XA00926810J,547,20250819,7/1/2025,12/31/2025,1007900,7900,7900,0,7900,630,7270,-1,True,False,False,EXCEEDED_PARTIAL
Y-11,2025-08-27,XA00748195B,514,20250915,7/1/2025,12/31/2025,1000000,0,0,0,0,0,0,-1,True,True,False,SATURATED_FLOOR
Y-11,2025-09-10,XA01250925B,204,20250930,7/1/2025,12/31/2025,1000000,0,0,0,0,0,0,-1,True,True,False,SATURATED_FLOOR
Y-11,2026-01-12,XA009982353,139,20260320,7/1/2025,12/31/2025,0,0,0,0,0,0,0,0,False,False,False,MEASURED
Y-12,2025-01-27,XA00801058P,948,20250227,1/1/2025,6/30/2025,0,0,0,0,0,0,0,0,False,False,False,MEASURED
Y-12,2025-02-18,XA01035177J,927,20250306,1/1/2025,6/30/2025,584,581,584,0,370,80,290,214,False,False,False,MEASURED
Y-12,2025-03-05,XA008426089,1017,20250331,1/1/2025,6/30/2025,45,44,45,0,0,0,0,45,False,False,False,MEASURED
Y-12,2025-03-12,XA028950571,982,20250331,1/1/2025,6/30/2025,1445,1445,1445,0,1130,100,1030,315,False,False,False,MEASURED
Y-12,2025-03-25,XA01050513Q,987,20250331,1/1/2025,6/30/2025,10155,10155,10155,0,7550,500,7050,2605,False,False,False,MEASURED
Y-12,2025-04-08,XA008493666,1138,20250502,1/1/2025,6/30/2025,6224,6224,6224,0,0,0,0,6224,False,False,True,MEASURED
Y-12,2025-04-23,XA02528328A,1073,20250502,1/1/2025,6/30/2025,4826,4826,4826,0,3960,290,3670,866,False,False,False,MEASURED
Y-12,2025-05-07,XA005397556,1367,20250516,1/1/2025,6/30/2025,6643,6643,6643,0,5310,320,4990,1333,False,False,False,MEASURED
Y-12,2025-05-21,XA029078273,1219,20250624,1/1/2025,6/30/2025,6852,6852,6852,0,4940,390,4550,1912,False,False,False,MEASURED
Y-12,2025-06-11,XA02447681A,1198,20250624,1/1/2025,6/30/2025,4228,4177,4228,0,1610,150,1460,2618,False,False,False,MEASURED
Y-12,2025-07-02,XA00889873T,293,20250804,1/1/2025,6/30/2025,3711,3615,3711,0,620,50,570,3091,False,False,False,MEASURED
Y-12,2025-07-17,XA00714813J,516,20250804,7/1/2025,12/31/2025,3672,3625,3672,0,1230,100,1130,2442,False,False,False,MEASURED
Y-12,2025-08-27,XA00764939T,299,20250915,7/1/2025,12/31/2025,9831,9527,9831,0,1570,120,1450,8261,False,False,False,MEASURED
Y-12,2025-09-10,XA01260236K,239,20250930,7/1/2025,12/31/2025,1452,1408,1452,0,140,20,120,1312,False,False,False,MEASURED
Y-12,2026-01-12,XA008617175,145,20260320,7/1/2025,12/31/2025,13,12,12,0,0,0,0,13,False,False,False,MEASURED
Y-13,2025-03-12,XA02294272C,876,20250331,1/1/2025,6/30/2025,865,853,865,0,0,0,0,865,False,False,False,MEASURED
Y-13,2025-03-25,XA026981619,1055,20250331,1/1/2025,6/30/2025,13999,13999,13999,0,390,30,360,13609,False,False,False,MEASURED
Y-13,2025-04-08,XA00377957U,1159,20250502,1/1/2025,6/30/2025,39403,39403,39403,0,1590,140,1450,37813,False,False,False,MEASURED
Y-13,2025-04-23,XA01273284E,1307,20250502,1/1/2025,6/30/2025,15939,15939,15939,0,220,20,200,15719,False,False,False,MEASURED
Y-13,2025-05-07,XA00802093U,1370,20250516,1/1/2025,6/30/2025,7158,7158,7158,0,30,0,30,7128,False,False,False,MEASURED
Y-13,2025-05-21,XA021656845,1235,20250624,1/1/2025,6/30/2025,52666,52666,52666,0,90,10,80,52576,False,False,False,MEASURED
Y-13,2025-06-17,XA01660839Y,1199,20250804,1/1/2025,6/30/2025,832568,832568,832568,0,6590,420,6170,825978,False,False,False,MEASURED
Y-13,2025-07-02,XA00787729R,379,20250804,1/1/2025,6/30/2025,416317,416317,416317,0,6050,470,5580,410267,False,False,False,MEASURED
Y-13,2025-07-30,XA00098442D,552,20250819,7/1/2025,12/31/2025,948832,948832,948832,0,9080,940,8140,939752,False,False,False,MEASURED
Y-13,2025-08-27,XA00915485D,522,20250915,7/1/2025,12/31/2025,571245,571245,571245,0,0,0,0,571245,False,False,False,MEASURED
Y-13,2025-09-10,XA02490987P,230,20250930,7/1/2025,12/31/2025,123400,123400,123400,0,0,0,0,123400,False,False,False,MEASURED
Y-13,2026-01-12,XA01116950L,164,20260320,7/1/2025,12/31/2025,7,7,7,0,0,0,0,7,False,False,False,MEASURED
Y-15,2025-03-12,XA00803458F,905,20250331,1/1/2025,6/30/2025,7011,6937,7011,0,0,0,0,7011,False,False,False,MEASURED
Y-15,2025-03-25,XA01049230T,1031,20250331,1/1/2025,6/30/2025,124159,124159,124159,0,2990,240,2750,121169,False,False,False,MEASURED
Y-15,2025-04-08,XA00740882C,1119,20250502,1/1/2025,6/30/2025,46895,46895,46895,0,1870,170,1700,45025,False,False,False,MEASURED
Y-15,2025-04-23,XA012660889,1317,20250502,1/1/2025,6/30/2025,875,828,875,0,0,0,0,875,False,False,False,MEASURED
Y-15,2025-05-07,XA041365286,1365,20250516,1/1/2025,6/30/2025,750,732,750,0,0,0,0,750,False,False,False,MEASURED
Y-15,2025-05-21,XA00164035P,1284,20250624,1/1/2025,6/30/2025,15254,15254,15254,0,220,20,200,15034,False,False,False,MEASURED
Y-15,2025-06-17,XA02895665S,1176,20250804,1/1/2025,6/30/2025,313857,313857,313857,0,5150,400,4750,308707,False,False,False,MEASURED
Y-15,2025-07-02,XA01751009H,399,20250804,1/1/2025,6/30/2025,125788,125788,125788,0,2230,140,2090,123558,False,False,False,MEASURED
Y-15,2025-07-30,XA00340808C,593,20250819,7/1/2025,12/31/2025,420037,420037,420037,0,5970,520,5450,414067,False,False,False,MEASURED
Y-15,2025-08-27,XA005326787,308,20250915,7/1/2025,12/31/2025,122882,122882,122882,0,1060,80,980,121822,False,False,False,MEASURED
Y-15,2025-09-10,XA012956444,232,20250930,7/1/2025,12/31/2025,15996,15228,15996,0,30,0,30,15966,False,False,False,MEASURED
Y-15,2026-01-08,XA00576889O,142,20260320,7/1/2025,12/31/2025,6,6,6,0,0,0,0,6,False,False,False,MEASURED
Y-16,2025-01-27,XA00862061P,879,20250227,1/1/2025,6/30/2025,115666,92720,111938,64919,100,0,100,50647,False,False,False,MEASURED
Y-16,2025-02-18,XA00900006Y,935,20250306,1/1/2025,6/30/2025,1014800,14800,14800,0,14800,980,13820,-1,True,False,False,EXCEEDED_PARTIAL
Y-16,2025-03-05,XA00930395F,991,20250331,1/1/2025,6/30/2025,1013070,13070,13070,0,13070,960,12110,-1,True,False,False,EXCEEDED_PARTIAL
Y-16,2025-03-12,XA002796090,940,20250331,1/1/2025,6/30/2025,1000000,0,0,0,0,0,0,-1,True,True,False,SATURATED_FLOOR
Y-16,2025-03-25,XA000298676,1038,20250331,1/1/2025,6/30/2025,1000000,0,0,0,0,0,0,-1,True,True,False,SATURATED_FLOOR
Y-16,2025-04-08,XA01795839M,1122,20250502,1/1/2025,6/30/2025,1000000,0,0,0,0,0,0,-1,True,True,False,SATURATED_FLOOR
Y-16,2025-04-23,XA00290482F,1316,20250502,1/1/2025,6/30/2025,1000000,0,0,0,0,0,0,-1,True,True,False,SATURATED_FLOOR
Y-16,2025-05-07,XA01526350R,1326,20250516,1/1/2025,6/30/2025,1000000,0,0,0,0,0,0,-1,True,True,False,SATURATED_FLOOR
Y-16,2025-05-21,XA00997014C,1240,20250624,1/1/2025,6/30/2025,1000000,0,0,0,0,0,0,-1,True,True,False,SATURATED_FLOOR
Y-16,2025-06-11,XA02149041R,1189,20250624,1/1/2025,6/30/2025,1000000,0,0,0,0,0,0,-1,True,True,False,SATURATED_FLOOR
Y-16,2025-07-02,XA00743642H,1382,20250804,1/1/2025,6/30/2025,1000000,0,0,0,0,0,0,-1,True,True,False,SATURATED_FLOOR
Y-16,2025-07-17,XA01364404I,535,20250804,7/1/2025,12/31/2025,1000000,0,0,0,0,0,0,-1,True,True,False,SATURATED_FLOOR
Y-16,2025-08-27,XA02106157N,270,20250915,7/1/2025,12/31/2025,1000000,0,0,0,0,0,0,-1,True,True,False,SATURATED_FLOOR
Y-16,2025-09-10,XA008741883,240,20250930,7/1/2025,12/31/2025,1000000,0,0,0,0,0,0,-1,True,True,False,SATURATED_FLOOR
Y-16,2026-01-12,XA007804369,176,20260320,7/1/2025,12/31/2025,62,62,62,0,0,0,0,62,False,False,False,MEASURED
Y-17,2025-01-27,XA04105455I,977,20250227,1/1/2025,6/30/2025,88,88,88,0,0,0,0,88,False,False,False,MEASURED
Y-17,2025-02-18,XA008890078,950,20250306,1/1/2025,6/30/2025,1000000,0,0,0,0,0,0,-1,True,True,False,SATURATED_FLOOR
Y-17,2025-03-05,XA007564468,1019,20250331,1/1/2025,6/30/2025,1000000,0,0,0,0,0,0,-1,True,True,False,SATURATED_FLOOR
Y-17,2025-03-12,XA009144995,957,20250331,1/1/2025,6/30/2025,1000000,0,0,0,0,0,0,-1,True,True,False,SATURATED_FLOOR
Y-17,2025-03-25,XA01370922C,1029,20250331,1/1/2025,6/30/2025,1000000,0,0,0,0,0,0,-1,True,True,False,SATURATED_FLOOR
Y-17,2025-04-08,XA00694018A,1161,20250502,1/1/2025,6/30/2025,1000000,0,0,0,0,0,0,-1,True,True,False,SATURATED_FLOOR
Y-17,2025-04-23,XA02726405G,1083,20250502,1/1/2025,6/30/2025,1000000,0,0,0,0,0,0,-1,True,True,False,SATURATED_FLOOR
Y-17,2025-05-07,XA008527473,1318,20250516,1/1/2025,6/30/2025,1000000,0,0,0,0,0,0,-1,True,True,False,SATURATED_FLOOR
Y-17,2025-05-21,XA02179107B,1258,20250624,1/1/2025,6/30/2025,1000000,0,0,0,0,0,0,-1,True,True,False,SATURATED_FLOOR
Y-17,2025-06-11,XA02903635E,1178,20250624,1/1/2025,6/30/2025,1000000,0,0,0,0,0,0,-1,True,True,False,SATURATED_FLOOR
Y-17,2025-07-02,XA00816025R,1384,20250804,1/1/2025,6/30/2025,1000000,0,0,0,0,0,0,-1,True,True,False,SATURATED_FLOOR
Y-17,2025-07-17,XA027414586,534,20250804,7/1/2025,12/31/2025,1000000,0,0,0,0,0,0,-1,True,True,False,SATURATED_FLOOR
Y-17,2025-08-27,XA00698526Z,294,20250915,7/1/2025,12/31/2025,1000000,0,0,0,0,0,0,-1,True,True,False,SATURATED_FLOOR
Y-17,2025-09-10,XA00121468J,243,20250930,7/1/2025,12/31/2025,1000000,0,0,0,0,0,0,-1,True,True,False,SATURATED_FLOOR
Y-17,2026-01-12,XA00841262O,171,20260320,7/1/2025,12/31/2025,26,26,26,0,0,0,0,26,False,False,False,MEASURED
Y-18,2025-03-12,XA00935450M,881,20250331,1/1/2025,6/30/2025,1996,2750,2353,794,450,40,410,752,False,False,False,MEASURED
Y-18,2025-03-25,XA00719270Q,1022,20250331,1/1/2025,6/30/2025,89434,72727,86720,0,5290,520,4770,84144,False,False,False,MEASURED
Y-18,2025-04-08,XA01359057C,1165,20250502,1/1/2025,6/30/2025,503665,503665,503665,0,15830,1070,14760,487835,False,False,False,MEASURED
Y-18,2025-04-23,XA00096391E,1103,20250502,1/1/2025,6/30/2025,208380,208380,208380,0,680,100,580,207700,False,False,False,MEASURED
Y-18,2025-05-07,XA00908052T,1356,20250516,1/1/2025,6/30/2025,96434,77586,93372,0,1510,200,1310,94924,False,False,False,MEASURED
Y-18,2025-05-21,XA009359932,1242,20250624,1/1/2025,6/30/2025,1000740,740,740,0,740,110,630,-1,True,False,False,EXCEEDED_PARTIAL
Y-18,2025-06-11,XA01027707E,1206,20250624,1/1/2025,6/30/2025,1000760,760,760,0,760,70,690,-1,True,False,False,EXCEEDED_PARTIAL
Y-18,2025-07-02,XA01093425C,1401,20250804,1/1/2025,6/30/2025,1000570,570,570,0,570,100,470,-1,True,False,False,EXCEEDED_PARTIAL
Y-18,2025-07-17,XA02524300W,525,20250804,7/1/2025,12/31/2025,1000930,930,930,0,930,50,880,-1,True,False,False,EXCEEDED_PARTIAL
Y-18,2025-08-27,XA00906982A,275,20250915,7/1/2025,12/31/2025,1000430,430,430,0,430,40,390,-1,True,False,False,EXCEEDED_PARTIAL
Y-18,2025-09-10,XA00673355B,305,20250930,7/1/2025,12/31/2025,1000110,110,110,0,110,20,90,-1,True,False,False,EXCEEDED_PARTIAL
Y-18,2026-01-08,XA003438592,196,20260320,7/1/2025,12/31/2025,6,6,6,0,0,0,0,6,False,False,False,MEASURED
Y-19,2025-03-12,XA01420635K,872,20250331,1/1/2025,6/30/2025,154,233,190,88,0,0,0,66,False,False,False,MEASURED
Y-19,2025-03-25,XA011747357,996,20250331,1/1/2025,6/30/2025,18520,21689,19946,3170,360,40,320,14990,False,False,False,MEASURED
Y-19,2025-04-08,XA009537950,1118,20250502,1/1/2025,6/30/2025,202953,202953,202953,0,1890,110,1780,201063,False,False,False,MEASURED
Y-19,2025-04-23,XA00806454K,1088,20250502,1/1/2025,6/30/2025,260267,260267,260267,0,400,20,380,259867,False,False,False,MEASURED
Y-19,2025-05-07,XA00922354L,1392,20250516,1/1/2025,6/30/2025,170217,170217,170217,0,70,0,70,170147,False,False,False,MEASURED
Y-19,2025-05-21,XA00762212P,1247,20250624,1/1/2025,6/30/2025,1000140,140,140,0,140,10,130,-1,True,False,False,EXCEEDED_PARTIAL
Y-19,2025-06-17,XA01182446A,275,20250804,1/1/2025,6/30/2025,1000000,0,0,0,0,0,0,-1,True,True,False,SATURATED_FLOOR
Y-19,2025-07-02,XA00077344G,392,20250804,1/1/2025,6/30/2025,1005020,5020,5020,0,5020,360,4660,-1,True,False,False,EXCEEDED_PARTIAL
Y-19,2025-07-30,XA00635914B,554,20250819,7/1/2025,12/31/2025,1000000,0,0,0,0,0,0,-1,True,True,False,SATURATED_FLOOR
Y-19,2025-08-27,XA00551972A,312,20250915,7/1/2025,12/31/2025,1000000,0,0,0,0,0,0,-1,True,True,False,SATURATED_FLOOR
Y-19,2025-09-10,XA02263050T,205,20250930,7/1/2025,12/31/2025,1000000,0,0,0,0,0,0,-1,True,True,False,SATURATED_FLOOR
Y-19,2026-01-12,XA005386690,140,20260320,7/1/2025,12/31/2025,10,10,10,0,0,0,0,10,False,False,False,MEASURED
Y-20,2025-01-27,XA02262966Z,994,20250227,1/1/2025,6/30/2025,0,0,0,0,0,0,0,0,False,False,False,MEASURED
Y-20,2025-02-18,XA02634317E,934,20250306,1/1/2025,6/30/2025,0,0,0,0,0,0,0,0,False,False,False,MEASURED
Y-20,2025-03-05,XA00622251W,1012,20250331,1/1/2025,6/30/2025,0,0,0,0,0,0,0,0,False,False,False,MEASURED
Y-20,2025-03-12,XA00897583Y,966,20250331,1/1/2025,6/30/2025,1071,1071,1071,0,930,50,880,141,False,False,False,MEASURED
Y-20,2025-03-25,XA01118730P,1039,20250331,1/1/2025,6/30/2025,5584,5584,5584,0,4590,340,4250,994,False,False,False,MEASURED
Y-20,2025-04-08,XA009876142,1149,20250502,1/1/2025,6/30/2025,7807,7807,7807,0,6410,810,5600,1397,False,False,False,MEASURED
Y-20,2025-04-23,XA00865041O,1309,20250502,1/1/2025,6/30/2025,1088,1078,1088,0,500,40,460,588,False,False,False,MEASURED
Y-20,2025-05-07,XA00939868T,1361,20250516,1/1/2025,6/30/2025,957,957,957,0,520,70,450,437,False,False,False,MEASURED
Y-20,2025-05-21,XA00688188Z,1232,20250624,1/1/2025,6/30/2025,8459,8392,8459,0,3130,260,2870,5329,False,False,False,MEASURED
Y-20,2025-06-17,XA002311115,1230,20250804,1/1/2025,6/30/2025,20546,20887,20546,0,940,80,860,19606,False,False,False,MEASURED
Y-20,2025-07-02,XA005871089,398,20250804,1/1/2025,6/30/2025,14892,14438,14892,0,290,20,270,14602,False,False,False,MEASURED
Y-20,2025-07-30,XA02913383H,575,20250819,7/1/2025,12/31/2025,29803,29803,29803,0,1310,130,1180,28493,False,False,False,MEASURED
Y-20,2025-08-27,XA00997874Q,263,20250915,7/1/2025,12/31/2025,26993,21757,26143,0,620,60,560,26373,False,False,False,MEASURED
Y-20,2025-09-10,XA002946364,212,20250930,7/1/2025,12/31/2025,9380,9185,9380,0,50,0,50,9330,False,False,False,MEASURED
Y-20,2026-01-12,XA007528927,169,20260320,7/1/2025,12/31/2025,21,21,21,0,0,0,0,21,False,False,False,MEASURED
Y-21,2025-03-12,XA02889393X,883,20250331,1/1/2025,6/30/2025,1573,2240,1900,726,430,30,400,417,False,False,False,MEASURED
Y-21,2025-03-25,XA01144316L,958,20250331,1/1/2025,6/30/2025,112313,91462,108925,0,7300,520,6780,105013,False,False,False,MEASURED
Y-21,2025-04-08,XA003089288,1171,20250502,1/1/2025,6/30/2025,1000000,0,0,0,0,0,0,-1,True,True,False,SATURATED_FLOOR
Y-21,2025-04-23,XA02065969S,1313,20250502,1/1/2025,6/30/2025,242086,194203,234307,0,930,80,850,241156,False,False,False,MEASURED
Y-21,2025-05-07,XA018188463,1395,20250516,1/1/2025,6/30/2025,149223,119846,144450,0,1270,190,1080,147953,False,False,False,MEASURED
Y-21,2025-05-21,XA007729624,1236,20250624,1/1/2025,6/30/2025,1000770,770,770,0,770,90,680,-1,True,False,False,EXCEEDED_PARTIAL
Y-21,2025-06-11,XA00811961I,1196,20250624,1/1/2025,6/30/2025,1000610,610,610,0,610,50,560,-1,True,False,False,EXCEEDED_PARTIAL
Y-21,2025-07-02,XA00379127B,290,20250804,1/1/2025,6/30/2025,1000710,710,710,0,710,70,640,-1,True,False,False,EXCEEDED_PARTIAL
Y-21,2025-07-17,XA02172168A,518,20250804,7/1/2025,12/31/2025,1000500,500,500,0,500,60,440,-1,True,False,False,EXCEEDED_PARTIAL
Y-21,2025-08-27,XA02253049E,276,20250915,7/1/2025,12/31/2025,1000210,210,210,0,210,10,200,-1,True,False,False,EXCEEDED_PARTIAL
Y-21,2025-09-10,XA01819050T,234,20250930,7/1/2025,12/31/2025,1000140,140,140,0,140,20,120,-1,True,False,False,EXCEEDED_PARTIAL
Y-21,2026-01-08,XA01800162X,156,20260320,7/1/2025,12/31/2025,12,12,12,0,0,0,0,12,False,False,False,MEASURED
Y-22,2025-01-27,XA00798744W,995,20250227,1/1/2025,6/30/2025,67894,54413,65703,24302,0,0,0,43592,False,False,False,MEASURED
Y-22,2025-02-18,XA02011970N,933,20250306,1/1/2025,6/30/2025,1000000,0,0,0,0,0,0,-1,True,True,False,SATURATED_FLOOR
Y-22,2025-03-05,XA00935820H,1016,20250331,1/1/2025,6/30/2025,1010100,10100,10100,0,10100,610,9490,-1,True,False,False,EXCEEDED_PARTIAL
Y-22,2025-03-12,XA00909968X,952,20250331,1/1/2025,6/30/2025,1000000,0,0,0,0,0,0,-1,True,True,False,SATURATED_FLOOR
Y-22,2025-03-25,XA020757933,1046,20250331,1/1/2025,6/30/2025,1000000,0,0,0,0,0,0,-1,True,True,False,SATURATED_FLOOR
Y-22,2025-04-08,XA00120686I,1151,20250502,1/1/2025,6/30/2025,1000000,0,0,0,0,0,0,-1,True,True,False,SATURATED_FLOOR
Y-22,2025-04-23,XA029134893,1063,20250502,1/1/2025,6/30/2025,1000000,0,0,0,0,0,0,-1,True,True,False,SATURATED_FLOOR
Y-22,2025-05-07,XA01864621D,1325,20250516,1/1/2025,6/30/2025,1000000,0,0,0,0,0,0,-1,True,True,False,SATURATED_FLOOR
Y-22,2025-05-21,XA006885443,1299,20250624,1/1/2025,6/30/2025,1000000,0,0,0,0,0,0,-1,True,True,False,SATURATED_FLOOR
Y-22,2025-06-11,XA01012835K,1214,20250624,1/1/2025,6/30/2025,1000000,0,0,0,0,0,0,-1,True,True,False,SATURATED_FLOOR
Y-22,2025-07-02,XA005556681,291,20250804,1/1/2025,6/30/2025,1000000,0,0,0,0,0,0,-1,True,True,False,SATURATED_FLOOR
Y-22,2025-07-17,XA00280860F,519,20250804,7/1/2025,12/31/2025,1000000,0,0,0,0,0,0,-1,True,True,False,SATURATED_FLOOR
Y-22,2025-08-27,XA008076694,277,20250915,7/1/2025,12/31/2025,1000000,0,0,0,0,0,0,-1,True,True,False,SATURATED_FLOOR
Y-22,2025-09-10,XA00590471F,245,20250930,7/1/2025,12/31/2025,1000000,0,0,0,0,0,0,-1,True,True,False,SATURATED_FLOOR
Y-22,2026-01-12,XA00078083J,170,20260320,7/1/2025,12/31/2025,31,31,31,0,0,0,0,31,False,False,False,MEASURED
Y-23,2025-03-12,XA00151097K,900,20250331,1/1/2025,6/30/2025,789,831,789,0,20,0,20,769,False,False,False,MEASURED
Y-23,2025-03-25,XA00615764E,1044,20250331,1/1/2025,6/30/2025,1004900,4900,4900,0,4900,330,4570,-1,True,False,False,EXCEEDED_PARTIAL
Y-23,2025-04-08,XA024650886,1106,20250502,1/1/2025,6/30/2025,244954,244954,244954,0,4470,330,4140,240484,False,False,False,MEASURED
Y-23,2025-04-23,XA018087194,1059,20250502,1/1/2025,6/30/2025,952,920,952,0,0,0,0,952,False,False,False,MEASURED
Y-23,2025-05-07,XA00757083H,1332,20250516,1/1/2025,6/30/2025,735,706,729,0,0,0,0,735,False,False,False,MEASURED
Y-23,2025-05-21,XA001477956,1217,20250624,1/1/2025,6/30/2025,49903,49903,49903,7652,420,30,390,41831,False,False,False,MEASURED
Y-23,2025-06-17,XA01872787T,1187,20250804,1/1/2025,6/30/2025,1006940,6940,6940,0,6940,560,6380,-1,True,False,False,EXCEEDED_PARTIAL
Y-23,2025-07-02,XA017568525,418,20250804,1/1/2025,6/30/2025,578832,578832,578832,232557,2980,230,2750,343295,False,False,False,MEASURED
Y-23,2025-07-30,XA02007860M,559,20250819,7/1/2025,12/31/2025,1010210,10210,10210,0,10210,750,9460,-1,True,False,False,EXCEEDED_PARTIAL
Y-23,2025-08-27,XA02074274E,259,20250915,7/1/2025,12/31/2025,381212,381212,381212,0,1790,130,1660,379422,False,False,False,MEASURED
Y-23,2025-09-10,XA02896676O,211,20250930,7/1/2025,12/31/2025,20022,16060,19378,0,70,0,70,19952,False,False,False,MEASURED
Y-23,2026-01-08,XA01359204J,179,20260320,7/1/2025,12/31/2025,0,0,0,0,0,0,0,0,False,False,False,MEASURED
Y-24,2025-01-27,XA01296313E,916,20250227,1/1/2025,6/30/2025,1000360,360,360,0,360,30,330,-1,True,False,False,EXCEEDED_PARTIAL
Y-24,2025-02-18,XA00123431Y,925,20250306,1/1/2025,6/30/2025,1000000,0,0,0,0,0,0,-1,True,True,False,SATURATED_FLOOR
Y-24,2025-03-05,XA00777010Q,990,20250331,1/1/2025,6/30/2025,1007750,7750,7750,0,7750,530,7220,-1,True,False,False,EXCEEDED_PARTIAL
Y-24,2025-03-12,XA00996020K,955,20250331,1/1/2025,6/30/2025,1000000,0,0,0,0,0,0,-1,True,True,False,SATURATED_FLOOR
Y-24,2025-03-25,XA01522601S,999,20250331,1/1/2025,6/30/2025,1000000,0,0,0,0,0,0,-1,True,True,False,SATURATED_FLOOR
Y-24,2025-04-08,XA00136861I,1109,20250502,1/1/2025,6/30/2025,1000000,0,0,0,0,0,0,-1,True,True,False,SATURATED_FLOOR
Y-24,2025-04-23,XA02799476Q,1311,20250502,1/1/2025,6/30/2025,1000000,0,0,0,0,0,0,-1,True,True,False,SATURATED_FLOOR
Y-24,2025-05-07,XA01109061Z,1340,20250516,1/1/2025,6/30/2025,1000000,0,0,0,0,0,0,-1,True,True,False,SATURATED_FLOOR
Y-24,2025-05-21,XA02297639R,1221,20250624,1/1/2025,6/30/2025,1000000,0,0,0,0,0,0,-1,True,True,False,SATURATED_FLOOR
Y-24,2025-06-17,XA00857067A,299,20250804,1/1/2025,6/30/2025,1000000,0,0,0,0,0,0,-1,True,True,False,SATURATED_FLOOR
Y-24,2025-07-02,XA00942074L,396,20250804,1/1/2025,6/30/2025,1000000,0,0,0,0,0,0,-1,True,True,False,SATURATED_FLOOR
Y-24,2025-07-30,XA00636224N,566,20250819,7/1/2025,12/31/2025,1000000,0,0,0,0,0,0,-1,True,True,False,SATURATED_FLOOR
Y-24,2025-08-27,XA00378797T,260,20250915,7/1/2025,12/31/2025,1000000,0,0,0,0,0,0,-1,True,True,False,SATURATED_FLOOR
Y-24,2025-09-10,XA00902992D,221,20250930,7/1/2025,12/31/2025,1011650,11650,11650,0,11650,810,10840,-1,True,False,False,EXCEEDED_PARTIAL
Y-24,2026-01-12,XA021953192,198,20260320,7/1/2025,12/31/2025,39,39,39,0,0,0,0,39,False,False,False,MEASURED
Y-25,2025-03-12,XA00751004T,886,20250331,1/1/2025,6/30/2025,353,501,423,154,0,0,0,199,False,False,False,MEASURED
Y-25,2025-03-25,XA00569647Z,986,20250331,1/1/2025,6/30/2025,1173,1427,1294,268,240,20,220,665,False,False,False,MEASURED
Y-25,2025-04-08,XA00803297H,1127,20250502,1/1/2025,6/30/2025,42175,42175,42175,0,4020,270,3750,38155,False,False,False,MEASURED
Y-25,2025-04-23,XA007814954,1314,20250502,1/1/2025,6/30/2025,282209,226192,273108,0,90,0,90,282119,False,False,False,MEASURED
Y-25,2025-05-07,XA019189915,1391,20250516,1/1/2025,6/30/2025,198006,158696,191620,0,30,0,30,197976,False,False,False,MEASURED
Y-25,2025-05-21,XA01429076H,1268,20250624,1/1/2025,6/30/2025,1000120,120,120,0,120,0,120,-1,True,False,False,EXCEEDED_PARTIAL
Y-25,2025-06-11,XA00992046A,274,20250624,1/1/2025,6/30/2025,1000610,610,610,0,610,40,570,-1,True,False,False,EXCEEDED_PARTIAL
Y-25,2025-07-02,XA009415297,1389,20250804,1/1/2025,6/30/2025,1001170,1170,1170,0,1170,80,1090,-1,True,False,False,EXCEEDED_PARTIAL
Y-25,2025-07-17,XA01792518Z,515,20250804,7/1/2025,12/31/2025,1001230,1230,1230,0,1230,90,1140,-1,True,False,False,EXCEEDED_PARTIAL
Y-25,2025-08-27,XA01762008G,267,20250915,7/1/2025,12/31/2025,1001040,1040,1040,0,1040,80,960,-1,True,False,False,EXCEEDED_PARTIAL
Y-25,2025-09-10,XA025479136,257,20250930,7/1/2025,12/31/2025,1000170,170,170,0,170,10,160,-1,True,False,False,EXCEEDED_PARTIAL
Y-25,2026-01-08,XA02833887W,149,20260320,7/1/2025,12/31/2025,5,5,5,0,0,0,0,5,False,False,False,MEASURED
Y-26,2025-03-12,XA04105811M,899,20250331,1/1/2025,6/30/2025,240,246,240,0,0,0,0,240,False,False,False,MEASURED
Y-26,2025-03-25,XA00619090T,1042,20250331,1/1/2025,6/30/2025,187648,151132,181715,47401,3740,280,3460,136507,False,False,False,MEASURED
Y-26,2025-04-08,XA023098847,1133,20250502,1/1/2025,6/30/2025,574139,574139,574139,0,4600,380,4220,569539,False,False,False,MEASURED
Y-26,2025-04-23,XA00647082M,1071,20250502,1/1/2025,6/30/2025,1053,1033,1053,0,0,0,0,1053,False,False,False,MEASURED
Y-26,2025-05-07,XA02888476S,1364,20250516,1/1/2025,6/30/2025,1101,1082,1101,0,0,0,0,1101,False,False,False,MEASURED
Y-26,2025-05-21,XA04105883B,1250,20250624,1/1/2025,6/30/2025,19896,20229,19896,0,290,20,270,19606,False,False,False,MEASURED
Y-26,2025-06-17,XA00898468R,1227,20250804,1/1/2025,6/30/2025,290432,233634,281204,78727,4380,380,4000,207325,False,False,False,MEASURED
Y-26,2025-07-02,XA015368373,408,20250804,1/1/2025,6/30/2025,112828,90973,109277,20744,2760,190,2570,89324,False,False,False,MEASURED
Y-26,2025-07-30,XA001857629,551,20250819,7/1/2025,12/31/2025,407838,328290,394915,143812,7210,480,6730,256816,False,False,False,MEASURED
Y-26,2025-08-27,XA01021168O,311,20250915,7/1/2025,12/31/2025,112655,90535,109062,0,1250,100,1150,111405,False,False,False,MEASURED
Y-26,2025-09-10,XA02297289U,233,20250930,7/1/2025,12/31/2025,18714,14998,18111,0,0,0,0,18714,False,False,False,MEASURED
Y-26,2026-01-08,XA02551613G,194,20260320,7/1/2025,12/31/2025,10,10,10,0,0,0,0,10,False,False,False,MEASURED
Y-3,2025-03-12,XA01251792D,903,20250331,1/1/2025,6/30/2025,1492,1886,1679,414,0,0,0,1078,False,False,False,MEASURED
Y-3,2025-03-25,XA01891298X,1052,20250331,1/1/2025,6/30/2025,442351,442351,442351,0,3780,330,3450,438571,False,False,False,MEASURED
Y-3,2025-04-08,XA04105754E,1143,20250502,1/1/2025,6/30/2025,83982,83982,83982,0,2080,160,1920,81902,False,False,False,MEASURED
Y-3,2025-04-23,XA009505478,1076,20250502,1/1/2025,6/30/2025,770,732,770,0,0,0,0,770,False,False,False,MEASURED
Y-3,2025-05-07,XA001519865,1366,20250516,1/1/2025,6/30/2025,699,683,699,0,0,0,0,699,False,False,False,MEASURED
Y-3,2025-05-21,XA02902516H,1297,20250624,1/1/2025,6/30/2025,25231,25231,25231,0,220,20,200,25011,False,False,False,MEASURED
Y-3,2025-06-17,XA006980748,1197,20250804,1/1/2025,6/30/2025,708793,708793,708793,0,5420,470,4950,703373,False,False,False,MEASURED
Y-3,2025-07-02,XA009158772,395,20250804,1/1/2025,6/30/2025,260251,260251,260251,0,1650,110,1540,258601,False,False,False,MEASURED
Y-3,2025-07-30,XA02298420D,573,20250819,7/1/2025,12/31/2025,1007420,7420,7420,0,7420,530,6890,-1,True,False,False,EXCEEDED_PARTIAL
Y-3,2025-08-27,XA010119896,265,20250915,7/1/2025,12/31/2025,201072,201072,201072,0,1170,90,1080,199902,False,False,False,MEASURED
Y-3,2025-09-10,XA02494332C,218,20250930,7/1/2025,12/31/2025,18497,17515,18497,0,30,0,30,18467,False,False,False,MEASURED
Y-3,2026-01-08,XA00343453M,197,20260320,7/1/2025,12/31/2025,10,10,10,0,0,0,0,10,False,False,False,MEASURED
Y-30,2025-01-27,XA012954951,878,20250227,1/1/2025,6/30/2025,4560,6132,5311,1669,50,0,50,2841,False,False,False,MEASURED
Y-30,2025-02-18,XA01562132P,918,20250306,1/1/2025,6/30/2025,16397,21369,18972,5722,200,10,190,10475,False,False,False,MEASURED
Y-30,2025-03-05,XA04105449B,1004,20250331,1/1/2025,6/30/2025,160764,129161,155630,121505,1600,120,1480,37659,False,False,False,MEASURED
Y-30,2025-03-12,XA02484756W,1018,20250331,1/1/2025,6/30/2025,1000000,0,0,0,0,0,0,-1,True,True,False,SATURATED_FLOOR
Y-30,2025-03-25,XA01781919S,945,20250331,1/1/2025,6/30/2025,1000000,0,0,0,0,0,0,-1,True,True,False,SATURATED_FLOOR
Y-30,2025-04-08,XA00921831K,1110,20250502,1/1/2025,6/30/2025,1000000,0,0,0,0,0,0,-1,True,True,False,SATURATED_FLOOR
Y-30,2025-04-23,XA02896962R,1067,20250502,1/1/2025,6/30/2025,1000000,0,0,0,0,0,0,-1,True,True,False,SATURATED_FLOOR
Y-30,2025-05-07,XA00858916Y,1355,20250516,1/1/2025,6/30/2025,1000000,0,0,0,0,0,0,-1,True,True,False,SATURATED_FLOOR
Y-30,2025-05-21,XA00735715C,1360,20250624,1/1/2025,6/30/2025,1000000,0,0,0,0,0,0,-1,True,True,False,SATURATED_FLOOR
Y-30,2025-06-17,XA00837308C,1192,20250804,1/1/2025,6/30/2025,1000000,0,0,0,0,0,0,-1,True,True,False,SATURATED_FLOOR
Y-30,2025-07-02,XA00342991D,380,20250804,1/1/2025,6/30/2025,1000000,0,0,0,0,0,0,-1,True,True,False,SATURATED_FLOOR
Y-30,2025-07-30,XA00292661D,569,20250819,7/1/2025,12/31/2025,1000000,0,0,0,0,0,0,-1,True,True,False,SATURATED_FLOOR
Y-30,2025-08-27,XA00750411R,289,20250915,7/1/2025,12/31/2025,1000000,0,0,0,0,0,0,-1,True,True,False,SATURATED_FLOOR
Y-30,2025-09-10,XA01036676A,208,20250930,7/1/2025,12/31/2025,1000000,0,0,0,0,0,0,-1,True,True,False,SATURATED_FLOOR
Y-30,2026-01-12,XA00773767X,157,20260320,7/1/2025,12/31/2025,48,46,48,0,0,0,0,48,False,False,False,MEASURED
Y-32,2025-03-12,XA001138897,888,20250331,1/1/2025,6/30/2025,734,918,822,195,0,0,0,539,False,False,False,MEASURED
Y-32,2025-03-25,XA00866065D,975,20250331,1/1/2025,6/30/2025,19329,19329,19329,0,430,40,390,18899,False,False,False,MEASURED
Y-32,2025-04-08,XA00581474A,1125,20250502,1/1/2025,6/30/2025,103883,103883,103883,0,1640,140,1500,102243,False,False,False,MEASURED
Y-32,2025-04-23,XA02501385L,1102,20250502,1/1/2025,6/30/2025,112274,112274,112274,0,350,20,330,111924,False,False,False,MEASURED
Y-32,2025-05-07,XA02012721T,1350,20250516,1/1/2025,6/30/2025,72861,72861,72861,0,60,0,60,72801,False,False,False,MEASURED
Y-32,2025-05-21,XA005940793,1233,20250624,1/1/2025,6/30/2025,853917,853917,853917,0,120,10,110,853797,False,False,False,MEASURED
Y-32,2025-06-17,XA01802350W,1188,20250804,1/1/2025,6/30/2025,1013660,13660,13660,0,13660,1210,12450,-1,True,False,False,EXCEEDED_PARTIAL
Y-32,2025-07-02,XA00604064V,378,20250804,1/1/2025,6/30/2025,1004650,4650,4650,0,4650,310,4340,-1,True,False,False,EXCEEDED_PARTIAL
Y-32,2025-07-30,XA007491695,568,20250819,7/1/2025,12/31/2025,1009190,9190,9190,0,9190,620,8570,-1,True,False,False,EXCEEDED_PARTIAL
Y-32,2025-08-27,XA006867227,512,20250915,7/1/2025,12/31/2025,1000000,0,0,0,0,0,0,-1,True,True,False,SATURATED_FLOOR
Y-32,2025-09-10,XA01296711A,229,20250930,7/1/2025,12/31/2025,1000030,30,30,0,30,0,30,-1,True,False,False,EXCEEDED_PARTIAL
Y-32,2026-01-12,XA01137376E,168,20260320,7/1/2025,12/31/2025,7,7,7,0,0,0,0,7,False,False,False,MEASURED
Y-34,2025-03-12,XA01835762A,887,20250331,1/1/2025,6/30/2025,187,260,223,78,0,0,0,109,False,False,False,MEASURED
Y-34,2025-03-25,XA01088102N,1034,20250331,1/1/2025,6/30/2025,675,803,737,138,200,10,190,337,False,False,False,MEASURED
Y-34,2025-04-08,XA009185684,1132,20250502,1/1/2025,6/30/2025,63603,63603,63603,0,4900,270,4630,58703,False,False,False,MEASURED
Y-34,2025-04-23,XA007347682,1060,20250502,1/1/2025,6/30/2025,265801,213040,257229,0,80,0,80,265721,False,False,False,MEASURED
Y-34,2025-05-07,XA01805230X,1345,20250516,1/1/2025,6/30/2025,234849,188233,227275,0,80,10,70,234769,False,False,False,MEASURED
Y-34,2025-05-21,XA02218531O,1286,20250624,1/1/2025,6/30/2025,1000000,0,0,0,0,0,0,-1,True,True,False,SATURATED_FLOOR
Y-34,2025-06-11,XA00884060L,1172,20250624,1/1/2025,6/30/2025,1000380,380,380,0,380,30,350,-1,True,False,False,EXCEEDED_PARTIAL
Y-34,2025-07-02,XA007338962,297,20250804,1/1/2025,6/30/2025,1000950,950,950,0,950,70,880,-1,True,False,False,EXCEEDED_PARTIAL
Y-34,2025-07-17,XA00028089H,524,20250804,7/1/2025,12/31/2025,1001040,1040,1040,0,1040,80,960,-1,True,False,False,EXCEEDED_PARTIAL
Y-34,2025-08-27,XA00329717A,282,20250915,7/1/2025,12/31/2025,1001400,1400,1400,0,1400,110,1290,-1,True,False,False,EXCEEDED_PARTIAL
Y-34,2025-09-10,XA01068295A,255,20250930,7/1/2025,12/31/2025,1000130,130,130,0,130,10,120,-1,True,False,False,EXCEEDED_PARTIAL
Y-34,2026-01-08,XA01802805H,146,20260320,7/1/2025,12/31/2025,6,6,6,0,0,0,0,6,False,False,False,MEASURED
Y-36,2025-03-12,XA00789767P,909,20250331,1/1/2025,6/30/2025,311,422,364,117,0,0,0,194,False,False,False,MEASURED
Y-36,2025-03-25,XA00742852D,1023,20250331,1/1/2025,6/30/2025,1905,2463,2179,609,210,20,190,1086,False,False,False,MEASURED
Y-36,2025-04-08,XA01865818V,1146,20250502,1/1/2025,6/30/2025,32673,32673,32673,0,3850,310,3540,28823,False,False,False,MEASURED
Y-36,2025-04-23,XA00555126J,1069,20250502,1/1/2025,6/30/2025,147344,118107,142594,0,100,0,100,147244,False,False,False,MEASURED
Y-36,2025-05-07,XA02061049G,1378,20250516,1/1/2025,6/30/2025,183766,183766,183766,0,40,0,40,183726,False,False,False,MEASURED
Y-36,2025-05-21,XA04104973B,1241,20250624,1/1/2025,6/30/2025,1000110,110,110,0,110,0,110,-1,True,False,False,EXCEEDED_PARTIAL
Y-36,2025-06-11,XA02256055I,1184,20250624,1/1/2025,6/30/2025,1000690,690,690,0,690,50,640,-1,True,False,False,EXCEEDED_PARTIAL
Y-36,2025-07-02,XA01082406F,1386,20250804,1/1/2025,6/30/2025,1001190,1190,1190,0,1190,110,1080,-1,True,False,False,EXCEEDED_PARTIAL
Y-36,2025-07-17,XA01914473H,520,20250804,7/1/2025,12/31/2025,1001280,1280,1280,0,1280,80,1200,-1,True,False,False,EXCEEDED_PARTIAL
Y-36,2025-08-27,XA028917703,281,20250915,7/1/2025,12/31/2025,1001740,1740,1740,0,1740,120,1620,-1,True,False,False,EXCEEDED_PARTIAL
Y-36,2025-09-10,XA04109971A,251,20250930,7/1/2025,12/31/2025,1000340,340,340,0,340,20,320,-1,True,False,False,EXCEEDED_PARTIAL
Y-36,2026-01-08,XA02444336E,153,20260320,7/1/2025,12/31/2025,6,6,6,0,0,0,0,6,False,False,False,MEASURED
Y-38,2025-03-12,XA00749847X,897,20250331,1/1/2025,6/30/2025,406,544,470,141,0,0,0,265,False,False,False,MEASURED
Y-38,2025-03-25,XA00555831E,1049,20250331,1/1/2025,6/30/2025,3269,3678,3453,409,60,0,60,2800,False,False,False,MEASURED
Y-38,2025-04-08,XA00850422N,1117,20250502,1/1/2025,6/30/2025,5896,6928,6361,1032,550,50,500,4314,False,False,False,MEASURED
Y-38,2025-04-23,XA04105401V,1066,20250502,1/1/2025,6/30/2025,6754,6754,6754,0,130,10,120,6624,False,False,False,MEASURED
Y-38,2025-05-07,XA00927047H,1393,20250516,1/1/2025,6/30/2025,3453,3453,3453,0,0,0,0,3453,False,False,False,MEASURED
Y-38,2025-05-21,XA00987964R,1279,20250624,1/1/2025,6/30/2025,28384,28384,28384,0,180,10,170,28204,False,False,False,MEASURED
Y-38,2025-06-11,XA02243486A,282,20250624,1/1/2025,6/30/2025,100653,100653,100653,0,680,50,630,99973,False,False,False,MEASURED
Y-38,2025-07-02,XA017525690,294,20250804,1/1/2025,6/30/2025,163984,163984,163984,0,1070,70,1000,162914,False,False,False,MEASURED
Y-38,2025-07-17,XA00900087O,523,20250804,7/1/2025,12/31/2025,141155,141155,141155,0,2790,160,2630,138365,False,False,False,MEASURED
Y-38,2025-08-27,XA026762738,293,20250915,7/1/2025,12/31/2025,466716,466716,466716,0,2540,200,2340,464176,False,False,False,MEASURED
Y-38,2025-09-10,XA00619968Y,253,20250930,7/1/2025,12/31/2025,50252,50252,50252,0,150,20,130,50102,False,False,False,MEASURED
Y-38,2026-01-08,XA02140783E,162,20260320,7/1/2025,12/31/2025,11,11,11,0,0,0,0,11,False,False,False,MEASURED
Y-39,2025-03-12,XA01149896Y,896,20250331,1/1/2025,6/30/2025,69499,55855,67283,24868,780,60,720,43851,False,False,False,MEASURED
Y-39,2025-03-25,XA007526393,1037,20250331,1/1/2025,6/30/2025,35880,35880,35880,5736,4280,340,3940,25864,False,False,False,MEASURED
Y-39,2025-04-08,XA01110376P,1157,20250502,1/1/2025,6/30/2025,33227,33227,33227,0,6140,650,5490,27087,False,False,False,MEASURED
Y-39,2025-04-23,XA01033444O,1100,20250502,1/1/2025,6/30/2025,17538,17203,17538,0,520,60,460,17018,False,False,False,MEASURED
Y-39,2025-05-07,XA025129575,1396,20250516,1/1/2025,6/30/2025,14354,14122,14354,0,640,80,560,13714,False,False,False,MEASURED
Y-39,2025-05-21,XA00114682O,1270,20250624,1/1/2025,6/30/2025,155658,155658,155658,0,370,70,300,155288,False,False,False,MEASURED
Y-39,2025-06-11,XA00631228K,1204,20250624,1/1/2025,6/30/2025,400950,321408,388028,0,350,50,300,400600,False,False,False,MEASURED
Y-39,2025-07-02,XA01767855W,295,20250804,1/1/2025,6/30/2025,561823,450346,543712,0,390,50,340,561433,False,False,False,MEASURED
Y-39,2025-07-17,XA00673100U,546,20250804,7/1/2025,12/31/2025,516377,516377,516377,0,780,60,720,515597,False,False,False,MEASURED
Y-39,2025-08-27,XA018095759,283,20250915,7/1/2025,12/31/2025,1000750,750,750,0,750,80,670,-1,True,False,False,EXCEEDED_PARTIAL
Y-39,2025-09-10,XA018774931,300,20260320,7/1/2025,12/31/2025,391596,391596,391596,0,30,0,0,391566,False,False,False,MEASURED
Y-39,2026-01-08,XA011296859,190,20260320,7/1/2025,12/31/2025,5,5,5,0,0,0,0,5,False,False,False,MEASURED
Y-4,2025-01-27,XA005960981,963,20250227,1/1/2025,6/30/2025,218,214,218,0,0,0,0,218,False,False,False,MEASURED
Y-4,2025-02-18,XA00872203L,938,20250306,1/1/2025,6/30/2025,109396,90107,106262,66621,12250,760,11490,30525,False,False,False,MEASURED
Y-4,2025-03-05,XA01529003T,1020,20250331,1/1/2025,6/30/2025,5072,7394,5072,2510,680,40,640,1882,False,False,False,MEASURED
Y-4,2025-03-12,XA008567536,967,20250331,1/1/2025,6/30/2025,18039,14699,17496,4659,1220,80,1140,12160,False,False,False,MEASURED
Y-4,2025-03-25,XA01265931B,1054,20250331,1/1/2025,6/30/2025,36870,36870,36870,7251,2960,230,2730,26659,False,False,False,MEASURED
Y-4,2025-04-08,XA007813493,1107,20250502,1/1/2025,6/30/2025,141509,116614,137464,76477,16130,1040,15090,48902,False,False,False,MEASURED
Y-4,2025-04-23,XA01023226S,1065,20250502,1/1/2025,6/30/2025,22628,18421,21944,7231,1440,120,1320,13957,False,False,False,MEASURED
Y-4,2025-05-07,XA007644682,1358,20250516,1/1/2025,6/30/2025,34755,34755,34755,0,2070,120,1950,32685,False,False,False,MEASURED
Y-4,2025-05-21,XA01428236I,1274,20250624,1/1/2025,6/30/2025,40163,40163,40163,6770,1610,110,1500,31783,False,False,False,MEASURED
Y-4,2025-06-11,XA02489808Q,276,20250624,1/1/2025,6/30/2025,77354,62458,74934,0,2330,160,2170,75024,False,False,False,MEASURED
Y-4,2025-07-02,XA006594177,1398,20250804,1/1/2025,6/30/2025,87653,70844,84922,0,3000,170,2830,84653,False,False,False,MEASURED
Y-4,2025-07-17,XA00562367A,538,20250804,7/1/2025,12/31/2025,66679,54055,64628,12366,3100,140,2960,51213,False,False,False,MEASURED
Y-4,2025-08-27,XA01829998P,298,20250915,7/1/2025,12/31/2025,234105,188785,226742,0,5860,400,5460,228245,False,False,False,MEASURED
Y-4,2025-09-10,XA00582145G,256,20250930,7/1/2025,12/31/2025,39332,31824,38112,0,1520,90,1430,37812,False,False,False,MEASURED
Y-4,2026-01-12,XA02325654E,178,20260320,7/1/2025,12/31/2025,28,28,28,0,0,0,0,28,False,False,False,MEASURED
Y-40,2025-03-12,XA02757620D,898,20250331,1/1/2025,6/30/2025,132,127,132,0,0,0,0,132,False,False,False,MEASURED
Y-40,2025-03-25,XA00630741N,1040,20250331,1/1/2025,6/30/2025,56099,45584,54391,0,3140,240,2900,52959,False,False,False,MEASURED
Y-40,2025-04-08,XA00828689X,1153,20250502,1/1/2025,6/30/2025,136007,109845,131756,39204,4250,230,4020,92553,False,False,False,MEASURED
Y-40,2025-04-23,XA00951300T,1310,20250502,1/1/2025,6/30/2025,1100,1100,1100,0,0,0,0,1100,False,False,False,MEASURED
Y-40,2025-05-07,XA01802351U,1333,20250516,1/1/2025,6/30/2025,1269,1269,1269,0,30,0,30,1239,False,False,False,MEASURED
Y-40,2025-05-21,XA00820303V,1261,20250624,1/1/2025,6/30/2025,19011,19011,19011,0,200,20,180,18811,False,False,False,MEASURED
Y-40,2025-06-17,XA008919430,1210,20250804,1/1/2025,6/30/2025,343842,343842,343842,0,5130,350,4780,338712,False,False,False,MEASURED
Y-40,2025-07-02,XA002998612,404,20250804,1/1/2025,6/30/2025,124704,124704,124704,12681,1620,110,1510,110403,False,False,False,MEASURED
Y-40,2025-07-30,XA00949399W,571,20250819,7/1/2025,12/31/2025,453781,453781,453781,0,6190,520,5670,447591,False,False,False,MEASURED
Y-40,2025-08-27,XA028951917,511,20250915,7/1/2025,12/31/2025,216522,216522,216522,0,1170,80,1090,215352,False,False,False,MEASURED
Y-40,2025-09-10,XA00940594B,210,20250930,7/1/2025,12/31/2025,40913,40913,40913,0,0,0,0,40913,False,False,False,MEASURED
Y-40,2026-01-08,XA01278344B,189,20260320,7/1/2025,12/31/2025,10,10,10,0,0,0,0,10,False,False,False,MEASURED
Y-5,2025-01-27,XA023482199,964,20250227,1/1/2025,6/30/2025,208565,167160,201838,94910,40,0,40,113615,False,False,False,MEASURED
Y-5,2025-02-18,XA00793422D,949,20250306,1/1/2025,6/30/2025,1008990,8990,8990,0,8990,770,8220,-1,True,False,False,EXCEEDED_PARTIAL
Y-5,2025-03-05,XA00263027M,1010,20250331,1/1/2025,6/30/2025,1006310,6310,6310,0,6310,420,5890,-1,True,False,False,EXCEEDED_PARTIAL
Y-5,2025-03-12,XA00634143R,941,20250331,1/1/2025,6/30/2025,503507,404666,487449,178292,5710,430,5280,319505,False,False,False,MEASURED
Y-5,2025-03-25,XA007794833,1036,20250331,1/1/2025,6/30/2025,409756,329192,396667,176680,4010,220,3790,229066,False,False,False,MEASURED
Y-5,2025-04-08,XA02887669K,1130,20250502,1/1/2025,6/30/2025,263540,255881,255089,254331,1550,120,1430,7659,False,False,False,MEASURED
Y-5,2025-04-23,XA01358214J,1096,20250502,1/1/2025,6/30/2025,261672,209902,253261,189828,940,70,870,70904,False,False,False,MEASURED
Y-5,2025-05-07,XA023254689,1341,20250516,1/1/2025,6/30/2025,280976,225359,271940,193617,870,70,800,86489,False,False,False,MEASURED
Y-5,2025-05-21,XA012854937,1225,20250624,1/1/2025,6/30/2025,272547,218621,263786,158335,960,70,890,113252,False,False,False,MEASURED
Y-5,2025-06-17,XA02366996R,1212,20250804,1/1/2025,6/30/2025,1005370,5370,5370,0,5370,380,4990,-1,True,False,False,EXCEEDED_PARTIAL
Y-5,2025-07-02,XA01270430Q,421,20250804,1/1/2025,6/30/2025,1008280,8280,8280,0,8280,450,7830,-1,True,False,False,EXCEEDED_PARTIAL
Y-5,2025-07-30,XA02540363K,572,20250819,7/1/2025,12/31/2025,1007990,7990,7990,0,7990,470,7520,-1,True,False,False,EXCEEDED_PARTIAL
Y-5,2025-08-27,XA00918385C,307,20250915,7/1/2025,12/31/2025,1003300,3300,3300,0,3300,220,3080,-1,True,False,False,EXCEEDED_PARTIAL
Y-5,2025-09-10,XA00789378U,231,20250930,7/1/2025,12/31/2025,227779,227779,227779,76479,1220,90,1130,150080,False,False,False,MEASURED
Y-5,2026-01-12,XA02263060S,188,20260320,7/1/2025,12/31/2025,26,26,26,0,0,0,0,26,False,False,False,MEASURED
Y-6,2025-03-12,XA02007564K,884,20250331,1/1/2025,6/30/2025,437,589,508,158,0,0,0,279,False,False,False,MEASURED
Y-6,2025-03-25,XA01587111K,985,20250331,1/1/2025,6/30/2025,2838,3396,3112,607,330,20,310,1901,False,False,False,MEASURED
Y-6,2025-04-08,XA01031838B,1147,20250502,1/1/2025,6/30/2025,20404,20404,20404,0,2780,190,2590,17624,False,False,False,MEASURED
Y-6,2025-04-23,XA01047842E,1062,20250502,1/1/2025,6/30/2025,109590,109590,109590,0,210,10,200,109380,False,False,False,MEASURED
Y-6,2025-05-07,XA00822685B,1329,20250516,1/1/2025,6/30/2025,72094,72094,72094,0,20,0,20,72074,False,False,False,MEASURED
Y-6,2025-05-21,XA04104990F,1252,20250624,1/1/2025,6/30/2025,909905,909905,909905,0,240,20,220,909665,False,False,False,MEASURED
Y-6,2025-06-11,XA01257670F,280,20250624,1/1/2025,6/30/2025,1001100,1100,1100,0,1100,70,1030,-1,True,False,False,EXCEEDED_PARTIAL
Y-6,2025-07-02,XA00307963F,1390,20250804,1/1/2025,6/30/2025,1001410,1410,1410,0,1410,90,1320,-1,True,False,False,EXCEEDED_PARTIAL
Y-6,2025-07-17,XA00950167E,530,20250804,7/1/2025,12/31/2025,1003410,3410,3410,0,3410,210,3200,-1,True,False,False,EXCEEDED_PARTIAL
Y-6,2025-08-27,XA00707518E,297,20250915,7/1/2025,12/31/2025,1003700,3700,3700,0,3700,240,3460,-1,True,False,False,EXCEEDED_PARTIAL
Y-6,2025-09-10,XA026801891,241,20250930,7/1/2025,12/31/2025,1000290,290,290,0,290,20,270,-1,True,False,False,EXCEEDED_PARTIAL
Y-6,2026-01-08,XA016207976,166,20260320,7/1/2025,12/31/2025,8,8,8,0,0,0,0,8,False,False,False,MEASURED
Y-7,2025-03-12,XA01365996U,904,20250331,1/1/2025,6/30/2025,4134,5407,4762,1395,700,40,660,2039,False,False,False,MEASURED
Y-7,2025-03-25,XA00741129H,1041,20250331,1/1/2025,6/30/2025,148176,148176,148176,0,4450,330,4120,143726,False,False,False,MEASURED
Y-7,2025-04-08,XA02519150S,1141,20250502,1/1/2025,6/30/2025,209077,209077,209077,0,9880,700,9180,199197,False,False,False,MEASURED
Y-7,2025-04-23,XA01879853V,1078,20250502,1/1/2025,6/30/2025,118657,118657,118657,0,620,90,530,118037,False,False,False,MEASURED
Y-7,2025-05-07,XA02080898U,1328,20250516,1/1/2025,6/30/2025,85465,85465,85465,0,840,110,730,84625,False,False,False,MEASURED
Y-7,2025-05-21,XA01267036H,1271,20250624,1/1/2025,6/30/2025,979800,979800,979800,0,680,80,600,979120,False,False,False,MEASURED
Y-7,2025-06-11,XA00851018J,1207,20250624,1/1/2025,6/30/2025,1000590,590,590,0,590,50,540,-1,True,False,False,EXCEEDED_PARTIAL
Y-7,2025-07-02,XA007387563,1400,20250804,1/1/2025,6/30/2025,1000670,670,670,0,670,90,580,-1,True,False,False,EXCEEDED_PARTIAL
Y-7,2025-07-17,XA028852173,540,20250804,7/1/2025,12/31/2025,1000640,640,640,0,640,50,590,-1,True,False,False,EXCEEDED_PARTIAL
Y-7,2025-08-27,XA01146911H,290,20250915,7/1/2025,12/31/2025,1000670,670,670,0,670,70,600,-1,True,False,False,EXCEEDED_PARTIAL
Y-7,2025-09-10,XA00896459S,247,20250930,7/1/2025,12/31/2025,1000060,60,60,0,60,10,50,-1,True,False,False,EXCEEDED_PARTIAL
Y-7,2026-01-08,XA002784748,184,20260320,7/1/2025,12/31/2025,0,0,0,0,0,0,0,0,False,False,False,MEASURED
Y-9,2025-03-12,XA025118297,908,20250331,1/1/2025,6/30/2025,1846,2318,2066,572,300,20,280,974,False,False,False,MEASURED
Y-9,2025-03-25,XA02530106Q,1032,20250331,1/1/2025,6/30/2025,51775,42450,50260,22057,4810,330,4480,24908,False,False,False,MEASURED
Y-9,2025-04-08,XA008499820,1156,20250502,1/1/2025,6/30/2025,1000000,0,0,0,0,0,0,-1,True,True,False,SATURATED_FLOOR
Y-9,2025-04-23,XA000986643,1077,20250502,1/1/2025,6/30/2025,307590,246691,297696,0,880,100,780,306710,False,False,False,MEASURED
Y-9,2025-05-07,XA029039184,1377,20250516,1/1/2025,6/30/2025,169437,135941,163996,0,740,130,610,168697,False,False,False,MEASURED
Y-9,2025-05-21,XA00547780D,1265,20250624,1/1/2025,6/30/2025,1000780,780,780,0,780,90,690,-1,True,False,False,EXCEEDED_PARTIAL
Y-9,2025-06-11,XA00701295O,1213,20250624,1/1/2025,6/30/2025,1000730,730,730,0,730,50,680,-1,True,False,False,EXCEEDED_PARTIAL
Y-9,2025-07-02,XA00920860K,1402,20250804,1/1/2025,6/30/2025,1000770,770,770,0,770,50,720,-1,True,False,False,EXCEEDED_PARTIAL
Y-9,2025-07-17,XA03254025L,536,20250804,7/1/2025,12/31/2025,1000450,450,450,0,450,60,390,-1,True,False,False,EXCEEDED_PARTIAL
Y-9,2025-08-27,XA022565368,279,20250915,7/1/2025,12/31/2025,1000490,490,490,0,490,30,460,-1,True,False,False,EXCEEDED_PARTIAL
Y-9,2025-09-10,XA02173294C,304,20250930,7/1/2025,12/31/2025,1000180,180,180,0,180,20,160,-1,True,False,False,EXCEEDED_PARTIAL
Y-9,2026-01-08,XA01438948X,193,20260320,7/1/2025,12/31/2025,11,11,11,0,0,0,0,11,False,False,False,MEASURED
