plate,date,photon_cum_rem,sigma_p_rem,neutron_cum_rem,sigma_n_rem,days_since_install
Hs-1,2024-11-21,0.0,0.0,0.0,0.0,0.0
Hs-1,2025-05-07,63.034,0.0,2.05,0.0,117.0
Hs-1,2025-07-30,1481.017,0.0,29.730000000000004,0.0,201.0
Hs-1,2025-08-27,1668.789,0.0,29.730000000000004,0.0,229.0
Hs-1,2025-10-29,1729.814,0.0,29.730000000000004,0.0,243.0
Hs-1,2026-01-12,1729.8200000000002,0.0,29.730000000000004,0.0,367.0
Hs-2,2024-11-21,0.0,0.0,0.0,0.0,0.0
Hs-2,2025-05-07,245.031,0.0,2.71,0.0,117.0
Hs-2,2025-07-30,14049.532,489.4400000000005,24.19,0.0,201.0
Hs-2,2025-08-27,22886.252,1372.5600000000009,24.19,0.0,229.0
Hs-2,2025-10-29,22886.252,1372.5600000000009,24.23,0.0,243.0
Hs-2,2026-01-12,22886.257,1372.5600000000009,24.23,0.0,367.0
Hs-3,2024-11-21,0.0,0.0,0.0,0.0,0.0
Hs-3,2025-05-07,449.846,0.0,1.75,0.0,117.0
Hs-3,2025-07-30,13774.756,234.07999999999947,19.86,0.0,201.0
Hs-3,2025-08-27,25973.716,1329.9999999999986,19.86,0.0,229.0
Hs-3,2025-10-29,28490.276,1766.2399999999984,19.86,0.0,243.0
Hs-3,2026-01-12,28490.276,1766.2399999999984,19.86,0.0,367.0
Hs-4,2024-11-21,0.0,0.0,0.0,0.0,0.0
Hs-4,2025-05-07,11.975,0.0,1017.5,0.0,117.0
Hs-4,2025-05-21,13.911,0.0,1022.88,0.0,131.0
Hs-4,2025-06-11,16.691,0.0,1024.17,0.0,152.0
Hs-4,2025-07-17,22.293,0.0,1025.7200000000003,0.0,188.0
Hs-4,2025-08-27,30.09,0.0,1027.3400000000001,0.0,229.0
Hs-4,2025-10-21,31.544,0.0,1027.5200000000002,0.0,243.0
Hs-4,2026-01-12,31.566,0.0,1027.5200000000002,0.0,367.0
Hs-5,2024-11-21,0.0,0.0,0.0,0.0,0.0
Hs-5,2025-04-23,3.162,0.0,12.209999999999999,0.0,103.0
Hs-5,2025-05-07,3.657,0.0,12.879999999999999,0.0,117.0
Hs-5,2025-05-21,9.253,0.0,14.919999999999998,0.0,131.0
Hs-5,2025-07-30,70.61699999999999,0.0,17.18,0.0,201.0
Hs-5,2025-08-27,102.81799999999998,0.0,17.759999999999998,0.0,229.0
Hs-5,2025-10-21,114.67999999999998,0.0,17.759999999999998,0.0,243.0
Hs-5,2026-01-12,114.70199999999998,0.0,17.759999999999998,0.0,367.0
Hn-6,2024-11-21,1.829,0.0,0.0,0.0,17.0
Hn-6,2025-04-23,271212.6296666667,44002.98060017883,18079.268444444446,2933.532040011922,103.0
Hn-6,2025-05-07,418075.90300000005,69016.95844400224,27870.153333333335,4601.130562933483,117.0
Hn-6,2025-07-30,1063343.483,174623.1667489592,70887.992,11641.544449930614,201.0
Hn-6,2025-08-27,1230781.3296666667,186553.8803933124,82050.5151111111,12436.925359554161,229.0
Hn-6,2025-10-21,1318041.0763333333,223909.624454865,87867.83155555555,14927.308296991001,243.0
Hn-6,2026-01-12,1318041.1363333333,223909.624454865,87867.83155555555,14927.308296991001,367.0
Hs-6,2024-11-22,0.0,0.0,0.0,0.0,0.0
Hs-6,2025-05-07,431.087,0.0,1002.0500000000001,0.0,117.0
Hs-6,2025-05-21,1931.087,500.0,1003.1400000000001,0.0,131.0
Hs-6,2025-06-11,12278.686999999998,1042.6400000000003,1003.8600000000001,0.0,152.0
Hs-6,2025-07-17,40151.547,1546.3200000000024,1005.19,0.0,188.0
Hs-6,2025-08-27,83853.237,5664.43870592629,1005.8000000000001,0.0,229.0
Hs-6,2025-10-23,89529.877,5834.67870592629,1005.97,0.0,243.0
Hs-6,2026-01-08,89529.88299999999,5834.67870592629,1005.97,0.0,363.0
Hs-7,2024-11-20,0.0,0.0,0.0,0.0,0.0
Hs-7,2025-05-07,297.00199999999995,0.0,1020.95,0.0,117.0
Hs-7,2025-05-21,332.1859999999999,0.0,1023.34,0.0,131.0
Hs-7,2025-06-11,405.9099999999999,0.0,1025.6200000000001,0.0,152.0
Hs-7,2025-07-17,549.4189999999999,0.0,2027.2,0.0,188.0
Hs-7,2025-08-27,747.7159999999999,0.0,2032.6200000000001,0.0,229.0
Hs-7,2025-10-21,780.5079999999999,0.0,2034.2500000000002,0.0,243.0
Hs-7,2026-01-12,780.5179999999999,0.0,2034.2500000000002,0.0,367.0
Hn-8,2024-11-20,0.0,0.0,0.0,0.0,0.0
Hn-8,2025-04-23,154.03300000000002,0.0,7.32,0.0,103.0
Hn-8,2025-05-21,171.91500000000002,0.0,7.510000000000001,0.0,131.0
Hn-8,2025-07-30,1045.922,0.0,21.33,0.0,201.0
Hn-8,2025-08-27,1266.272,0.0,22.279999999999998,0.0,229.0
Hn-8,2025-10-21,1307.498,0.0,22.279999999999998,0.0,243.0
Hn-8,2026-01-08,1307.5040000000001,0.0,22.279999999999998,0.0,363.0
Hn-9,2024-11-21,0.0,0.0,0.0,0.0,0.0
Hn-9,2025-04-23,609.677,0.0,6.98,0.0,103.0
Hn-9,2025-05-21,645.072,0.0,7.28,0.0,131.0
Hn-9,2025-07-30,2533.139,500.0,25.890000000000004,0.0,201.0
Hn-9,2025-08-27,2713.605,500.0,27.380000000000003,0.0,229.0
Hn-9,2025-10-21,2730.619,500.0,27.410000000000004,0.0,243.0
Hn-9,2026-01-08,2730.6290000000004,500.0,27.410000000000004,0.0,363.0
Hn-10,2024-11-19,0.0,0.0,0.0,0.0,0.0
Hn-10,2024-11-20,0.0,0.0,0.0,0.0,0.0
Hn-10,2025-04-23,140.864,0.0,5.05,0.0,103.0
Hn-10,2025-05-21,157.544,0.0,5.21,0.0,131.0
Hn-10,2025-07-30,920.122,0.0,15.530000000000001,0.0,201.0
Hn-10,2025-08-27,1001.718,0.0,16.490000000000002,0.0,229.0
Hn-10,2025-10-21,1019.5179999999999,0.0,16.490000000000002,0.0,243.0
Hn-10,2026-01-08,1019.5239999999999,0.0,16.490000000000002,0.0,363.0
Hs-10,2024-11-20,0.188,0.0,0.0,0.0,61.0
Hs-10,2025-05-07,524.597,0.0,2.85,0.0,117.0
Hs-10,2025-07-30,52220.287,5814.493518892827,31.159999999999997,0.0,201.0
Hs-10,2025-08-27,83621.337,9951.60660926152,31.159999999999997,0.0,229.0
Hs-10,2025-10-29,88946.857,10217.60660926152,31.159999999999997,0.0,243.0
Hs-10,2026-01-12,88946.863,10217.60660926152,31.159999999999997,0.0,367.0
Hn-11,2024-11-11,0.0,0.0,0.0,0.0,0.0
Hn-11,2024-11-19,0.0,0.0,0.0,0.0,0.0
Hn-11,2025-05-07,367.94100000000003,0.0,7.36,0.0,117.0
Hn-11,2025-05-21,367.94100000000003,0.0,7.45,0.0,131.0
Hn-11,2025-06-17,8310.901,329.8399999999997,8.05,0.0,152.0
Hn-11,2025-07-17,26633.381,1170.3999999999992,11.16,0.0,188.0
Hn-11,2025-08-27,70376.391,8480.925625651003,13.33,0.0,229.0
Hn-11,2025-10-23,74467.671,8534.125625651002,13.58,0.0,243.0
Hn-11,2026-01-08,74467.671,8534.125625651002,13.58,0.0,363.0
Hn-12,2024-11-11,0.0,0.0,0.0,0.0,0.0
Hn-12,2024-11-18,0.0,0.0,0.0,0.0,0.0
Hn-12,2025-05-07,13.081000000000001,0.0,0.67,0.0,117.0
Hn-12,2025-05-21,39.260000000000005,0.0,0.81,0.0,131.0
Hn-12,2025-06-17,159.20100000000002,0.0,1.61,0.0,152.0
Hn-12,2025-07-17,373.976,0.0,4.47,0.0,188.0
Hn-12,2025-08-27,763.3009999999999,0.0,7.869999999999999,0.0,229.0
Hn-12,2025-10-23,812.3739999999999,0.0,8.04,0.0,243.0
Hn-12,2026-01-08,812.3739999999999,0.0,8.04,0.0,363.0
Hs-12,2024-11-21,0.0,0.0,0.0,0.0,0.0
Hs-12,2025-05-07,290.549,0.0,13.71,0.0,117.0
Hs-12,2025-05-21,344.44,0.0,14.06,0.0,131.0
Hs-12,2025-06-11,578.255,0.0,14.56,0.0,152.0
Hs-12,2025-07-17,940.019,0.0,15.629999999999999,0.0,188.0
Hs-12,2025-08-27,1689.338,0.0,16.33,0.0,229.0
Hs-12,2025-10-23,1804.623,0.0,16.33,0.0,243.0
Hs-12,2026-01-08,1804.631,0.0,16.33,0.0,363.0
Hs-13,2024-11-20,0.0,0.0,0.0,0.0,0.0
Hs-13,2025-04-23,196551.81,18971.832939371467,13103.454000000002,1264.7888626247645,103.0
Hs-13,2025-05-07,240176.74,20306.283337138277,16011.782666666668,1353.7522224758852,117.0
Hs-13,2025-07-30,447550.38,32871.25728910083,29836.692,2191.417152606722,201.0
Hs-13,2025-08-27,484597.23,38538.133550472696,32306.482,2569.2089033648467,229.0
Hs-13,2025-10-21,490241.94999999995,38633.8935504727,32318.052,2569.2089033648467,243.0
Hs-13,2026-01-12,490241.9849999999,38633.8935504727,32318.052,2569.2089033648467,367.0
Hs-14,2024-11-22,0.0,0.0,0.0,0.0,0.0
Hs-14,2025-05-07,439.72200000000004,0.0,12.85,0.0,117.0
Hs-14,2025-05-21,1939.722,500.0,13.89,0.0,131.0
Hs-14,2025-06-11,21918.262000000002,1032.08,14.51,0.0,152.0
Hs-14,2025-07-17,68493.372,7356.602902615283,15.93,0.0,188.0
Hs-14,2025-08-27,259770.622,244607.18999820435,16.7,0.0,229.0
Hs-14,2025-10-23,266883.662,244894.46999820435,16.84,0.0,243.0
Hs-14,2026-01-08,266883.67100000003,244894.46999820435,16.84,0.0,363.0
Hn-15,2024-11-11,0.0,0.0,0.0,0.0,0.0
Hn-15,2024-11-19,0.0,0.0,0.0,0.0,0.0
Hn-15,2025-05-07,767933.3300000001,117972.36439029142,51195.55533333334,7864.824292686094,117.0
Hn-15,2025-05-21,977991.1966666668,146425.8987221752,65199.41311111111,9761.726581478346,131.0
Hn-15,2025-06-11,1246852.4466666668,171704.04810434912,83123.49644444445,11446.93654028994,152.0
Hn-15,2025-06-17,1246852.4466666668,171704.04810434912,83123.49644444445,11446.93654028994,152.0
Hn-15,2025-07-17,1681369.6066666667,224632.04390156435,112091.30711111112,14975.469593437621,188.0
Hn-15,2025-08-27,2079276.6066666667,266574.28187237366,138618.44044444445,17771.618791491575,229.0
Hn-15,2025-10-21,2158961.9766666666,269750.8497418989,143930.79844444446,17983.38998279326,243.0
Hn-15,2026-01-12,2158962.0066666664,269750.8497418989,143930.79844444446,17983.38998279326,367.0
Hs-15,2024-11-21,0.0,0.0,0.0,0.0,0.0
Hs-15,2025-05-07,338270.01,36471.72541875142,22570.944,2431.4483612500944,117.0
Hs-15,2025-05-21,429762.03,72068.1963985288,28670.412,4804.546426568586,131.0
Hs-15,2025-06-11,554118.0900000001,98081.12545490383,36960.816,6538.7416969935875,152.0
Hs-15,2025-06-17,554118.0900000001,98081.12545490383,36960.816,6538.7416969935875,152.0
Hs-15,2025-07-17,809980.8033333335,135167.25146240377,54018.33022222222,9011.150097493584,188.0
Hs-15,2025-08-27,1079348.3033333335,161393.7771234592,71976.16355555555,10759.585141563948,229.0
Hs-15,2025-10-21,1174942.0633333335,199582.33743529953,78349.08088888889,13305.489162353304,243.0
Hs-15,2026-01-12,1174942.1263333336,199582.33743529953,78349.08088888889,13305.489162353304,367.0
Hn-16,2024-11-14,0.0,0.0,0.0,0.0,0.0
Hn-16,2024-11-18,0.965,0.0,0.0,0.0,61.0
Hn-16,2025-04-23,269.17500000000007,0.0,5.49,0.0,103.0
Hn-16,2025-05-21,285.273,0.0,5.66,0.0,131.0
Hn-16,2025-07-30,1774.143,0.0,21.14,0.0,201.0
Hn-16,2025-08-27,1915.094,0.0,22.080000000000002,0.0,229.0
Hn-16,2025-10-21,1932.017,0.0,22.130000000000003,0.0,243.0
Hn-16,2026-01-08,1932.0320000000002,0.0,22.130000000000003,0.0,363.0
Hs-16,2024-11-18,0.0,0.0,0.0,0.0,0.0
Hs-16,2025-05-07,454.71000000000004,0.0,17.46,0.0,117.0
Hs-16,2025-05-21,1211.165,0.0,18.28,0.0,131.0
Hs-16,2025-06-11,4015.005,276.6399999999999,19.150000000000002,0.0,152.0
Hs-16,2025-07-17,11293.164999999999,1138.48,20.820000000000004,0.0,188.0
Hs-16,2025-08-27,32690.585,1315.8399999999988,21.630000000000003,0.0,229.0
Hs-16,2025-10-23,34190.585,1815.8399999999988,21.750000000000004,0.0,243.0
Hs-16,2026-01-08,34190.585,1815.8399999999988,21.750000000000004,0.0,363.0
Hn-17,2024-11-22,0.0,0.0,0.0,0.0,0.0
Hn-17,2025-05-07,296.274,0.0,9.52,0.0,117.0
Hn-17,2025-05-21,296.274,0.0,9.73,0.0,131.0
Hn-17,2025-06-17,5792.034000000001,542.6400000000003,10.31,0.0,152.0
Hn-17,2025-07-17,18251.874000000003,1649.2000000000003,14.059999999999999,0.0,188.0
Hn-17,2025-08-27,51203.764,8689.36407423151,18.07,0.0,229.0
Hn-17,2025-10-23,53699.044,9019.20407423151,18.84,0.0,243.0
Hn-17,2026-01-08,53699.044,9019.20407423151,18.84,0.0,363.0
Hs-17,2024-11-22,0.0,0.0,0.0,0.0,0.0
Hs-17,2025-05-07,441.72600000000006,0.0,3.28,0.0,117.0
Hs-17,2025-07-30,36402.026,1519.2799999999997,1945.02,58.015999999999984,201.0
Hs-17,2025-08-27,59040.966,2465.2,1945.02,58.015999999999984,229.0
Hs-17,2025-10-29,62483.206,3337.68,1945.02,58.015999999999984,243.0
Hs-17,2026-01-12,62483.217,3337.68,1945.02,58.015999999999984,367.0
Hn-18,2025-05-07,0.0,0.0,0.0,0.0,0.0
Hn-18,2025-05-21,441.33799999999997,0.0,9.85,0.0,131.0
Hn-18,2025-06-17,4096.378,212.80000000000018,10.26,0.0,152.0
Hn-18,2025-07-17,8542.226,563.9200000000001,12.260000000000002,0.0,188.0
Hn-18,2025-08-27,37883.876000000004,8676.890453003018,13.810000000000002,0.0,229.0
Hn-18,2025-10-23,39383.876000000004,9176.890453003018,13.910000000000002,0.0,243.0
Hn-18,2026-01-08,39383.882000000005,9176.890453003018,13.910000000000002,0.0,363.0
Hs-18,2024-11-20,0.0,0.0,0.0,0.0,0.0
Hs-18,2025-04-23,574722.1529999999,95862.23925600087,38314.024666666664,6390.815950400058,103.0
Hs-18,2025-05-07,719407.1796666665,116836.80587617737,47959.693111111104,7789.120391745158,117.0
Hs-18,2025-07-30,1562615.2896666666,197957.34764917073,104173.5671111111,13197.156509944714,201.0
Hs-18,2025-08-27,1841747.0396666666,216489.33792780782,122782.35044444443,14432.622528520522,229.0
Hs-18,2025-10-21,1914886.0096666666,221741.8097426489,127658.28177777775,14782.787316176595,243.0
Hs-18,2026-01-12,1914886.0806666666,221741.8097426489,127658.28177777775,14782.787316176595,367.0
Hn-19,2024-11-12,158.659,0.0,0.05,0.0,17.0
Hn-19,2024-11-19,0.0,0.0,0.0,0.0,0.0
Hn-19,2025-04-23,2007.296,0.0,25.75,0.0,103.0
Hn-19,2025-05-07,2199.0480000000002,0.0,26.64,0.0,117.0
Hn-19,2025-07-30,2890.0520000000006,0.0,45.660000000000004,0.0,201.0
Hn-19,2025-08-27,2890.0520000000006,0.0,48.38,0.0,229.0
Hn-19,2025-10-21,3003.0080000000007,0.0,49.510000000000005,0.0,243.0
Hn-19,2026-01-12,3003.029000000001,0.0,49.510000000000005,0.0,367.0
Hn-20,2024-11-21,0.0,0.0,0.0,0.0,0.0
Hn-20,2025-05-07,259746.43000000002,21248.270696524087,17316.428666666667,1416.5513797682725,117.0
Hn-20,2025-05-21,297524.52,23595.224246831378,19834.968,1573.0149497887587,131.0
Hn-20,2025-06-11,355968.57,27746.83629846867,23731.238,1849.789086564578,152.0
Hn-20,2025-07-17,443510.03,31670.30846105332,29567.335333333333,2111.3538974035546,188.0
Hn-20,2025-08-27,517045.28,39284.61797848824,34469.685333333335,2618.974531899216,229.0
Hn-20,2025-10-21,529510.24,41263.65797848824,34485.325333333334,2618.974531899216,243.0
Hn-20,2026-01-12,529510.264,41263.65797848824,34485.325333333334,2618.974531899216,367.0
Hs-20,2024-11-20,0.0,0.0,0.0,0.0,0.0
Hs-20,2025-05-07,917.709,0.0,1010.3399999999999,0.0,117.0
Hs-20,2025-05-21,917.709,0.0,1011.1299999999999,0.0,131.0
Hs-20,2025-06-11,6487.949,21.2800000000002,1012.0799999999999,0.0,152.0
Hs-20,2025-07-17,20426.749,861.8400000000001,1014.0799999999999,0.0,188.0
Hs-20,2025-08-27,55725.638999999996,7202.230458962286,1014.7299999999999,0.0,229.0
Hs-20,2025-10-23,58635.87899999999,7351.190458962286,1014.8499999999999,0.0,243.0
Hs-20,2026-01-08,58635.88799999999,7351.190458962286,1014.8499999999999,0.0,363.0
Hn-37,2024-12-04,0.0,0.0,0.0,0.0,0.0
Hn-37,2025-04-23,371.143,0.0,8.58,0.0,103.0
Hn-37,2025-05-21,381.731,0.0,8.74,0.0,131.0
Hn-37,2025-07-30,919.3509999999999,0.0,21.91,0.0,201.0
Hn-37,2025-08-27,991.0449999999998,0.0,23.02,0.0,229.0
Hn-37,2025-10-21,1008.6579999999999,0.0,23.06,0.0,243.0
Hn-37,2026-01-08,1008.6679999999999,0.0,23.06,0.0,363.0
Hn-39,2024-12-04,0.0,0.0,0.0,0.0,0.0
Hn-39,2025-05-07,147.69,0.0,5.85,0.0,117.0
Hn-39,2025-05-21,706.316,0.0,6.369999999999999,0.0,131.0
Hn-39,2025-06-17,2206.316,500.0,8.739999999999998,0.0,152.0
Hn-39,2025-07-17,7175.596,627.6800000000001,16.139999999999997,0.0,188.0
Hn-39,2025-08-27,19129.836,691.5200000000002,22.22,0.0,229.0
Hn-39,2025-10-23,19129.836,691.5200000000002,22.869999999999997,0.0,243.0
Hn-39,2026-01-08,19129.843,691.5200000000002,22.869999999999997,0.0,363.0
Y-1,2024-11-05,0.0,0.0,0.0,0.0,0.0
Y-1,2025-04-23,323067.21,55816.40458599718,21536.29,3721.0936390664788,103.0
Y-1,2025-05-07,479800.7166666667,74926.53214650521,31985.190444444444,4995.102143100347,117.0
Y-1,2025-07-30,1211056.5633333335,145990.29271654383,80735.58022222223,9732.686181102921,201.0
Y-1,2025-08-27,1403554.87,166677.41539770202,93568.80066666668,11111.827693180134,229.0
Y-1,2025-10-21,1471398.76,170753.29958488152,98091.72666666668,11383.553305658768,243.0
Y-1,2026-01-12,1471398.8,170753.29958488152,98091.72666666668,11383.553305658768,367.0
Y-3,2024-11-07,0.0,0.0,0.0,0.0,0.0
Y-3,2025-04-23,522.735,0.0,5.86,0.0,103.0
Y-3,2025-05-21,548.4449999999999,0.0,6.08,0.0,131.0
Y-3,2025-07-30,1510.4189999999999,0.0,20.57,0.0,201.0
Y-3,2025-08-27,1710.321,0.0,21.740000000000002,0.0,229.0
Y-3,2025-10-21,1728.788,0.0,21.770000000000003,0.0,243.0
Y-3,2026-01-08,1728.798,0.0,21.770000000000003,0.0,363.0
Y-4,2024-11-05,0.0,0.0,0.0,0.0,0.0
Y-4,2025-05-07,331.737,0.0,36.74999999999999,0.0,117.0
Y-4,2025-05-21,370.29,0.0,38.35999999999999,0.0,131.0
Y-4,2025-06-11,445.314,0.0,40.68999999999999,0.0,152.0
Y-4,2025-07-17,593.5459999999999,0.0,46.78999999999999,0.0,188.0
Y-4,2025-08-27,821.7909999999999,0.0,52.64999999999999,0.0,229.0
Y-4,2025-10-21,859.603,0.0,54.169999999999995,0.0,243.0
Y-4,2026-01-12,859.631,0.0,54.169999999999995,0.0,367.0
Y-5,2024-11-05,0.0,0.0,0.0,0.0,0.0
Y-5,2025-04-23,1426.2649999999999,0.0,21.240000000000002,0.0,103.0
Y-5,2025-05-07,1706.3709999999999,0.0,22.110000000000003,0.0,117.0
Y-5,2025-07-30,1977.9579999999999,0.0,44.71000000000001,0.0,201.0
Y-5,2025-08-27,3477.9579999999996,500.0,48.010000000000005,0.0,229.0
Y-5,2025-10-21,3704.517,500.0,49.230000000000004,0.0,243.0
Y-5,2026-01-12,3704.5429999999997,500.0,49.230000000000004,0.0,367.0
Y-6,2024-11-07,0.0,0.0,0.0,0.0,0.0
Y-6,2025-05-07,202.02299999999997,0.0,3.3400000000000003,0.0,117.0
Y-6,2025-05-21,1111.6879999999999,0.0,3.58,0.0,131.0
Y-6,2025-06-17,4404.968,702.24,4.68,0.0,152.0
Y-6,2025-07-17,12896.088,1776.8800000000006,9.5,0.0,188.0
Y-6,2025-08-27,41506.658,8677.198952925293,13.2,0.0,229.0
Y-6,2025-10-23,44087.058000000005,8751.678952925293,13.489999999999998,0.0,243.0
Y-6,2026-01-08,44087.066000000006,8751.678952925293,13.489999999999998,0.0,363.0
Y-7,2024-11-07,0.0,0.0,0.0,0.0,0.0
Y-7,2025-05-07,549.019,0.0,16.490000000000002,0.0,117.0
Y-7,2025-05-21,1528.1390000000001,0.0,17.17,0.0,131.0
Y-7,2025-06-11,5576.859,1010.8000000000002,17.76,0.0,152.0
Y-7,2025-07-17,14589.339,2138.6400000000003,19.070000000000004,0.0,188.0
Y-7,2025-08-27,44626.629,10053.71054781573,19.740000000000006,0.0,229.0
Y-7,2025-10-23,47207.029,10340.99054781573,19.800000000000004,0.0,243.0
Y-7,2026-01-08,47207.029,10340.99054781573,19.800000000000004,0.0,363.0
Y-9,2024-11-05,0.0,0.0,0.0,0.0,0.0
Y-9,2025-05-07,523.918,0.0,6.73,0.0,117.0
Y-9,2025-05-21,3434.1580000000004,106.40000000000009,7.510000000000001,0.0,131.0
Y-9,2025-06-11,32890.128000000004,8063.516327420381,8.24,0.0,152.0
Y-9,2025-07-17,89531.988,17640.24978623122,9.459999999999999,0.0,188.0
Y-9,2025-08-27,153787.198,28420.86809952383,9.95,0.0,229.0
Y-9,2025-10-23,164028.39800000002,29197.58809952383,10.129999999999999,0.0,243.0
Y-9,2026-01-08,164028.409,29197.58809952383,10.129999999999999,0.0,363.0
Y-10,2024-11-07,0.0,0.0,0.0,0.0,0.0
Y-10,2024-11-20,0.15,0.0,0.0,0.0,61.0
Y-10,2025-05-07,552.9110000000001,0.0,2.0900000000000003,0.0,117.0
Y-10,2025-07-30,77811.401,8595.156787428406,1507.1273333333334,55.178666666666686,201.0
Y-10,2025-08-27,121095.251,16256.908440366522,1507.1273333333334,55.178666666666686,229.0
Y-10,2025-10-29,127580.531,16533.54844036652,1507.1273333333334,55.178666666666686,243.0
Y-10,2026-01-12,127580.54000000001,16533.54844036652,1507.1273333333334,55.178666666666686,367.0
Y-11,2024-11-07,0.0,0.0,0.0,0.0,0.0
Y-11,2025-05-07,523.723,0.0,1.56,0.0,117.0
Y-11,2025-07-30,26097.563000000002,1053.360000000001,21.200000000000003,0.0,201.0
Y-11,2025-08-27,48322.663,1230.7200000000016,21.200000000000003,0.0,229.0
Y-11,2025-10-29,51711.703,1943.6000000000017,21.200000000000003,0.0,243.0
Y-11,2026-01-12,51711.703,1943.6000000000017,21.200000000000003,0.0,367.0
Y-12,2024-11-05,0.0,0.0,0.0,0.0,0.0
Y-12,2025-05-07,11.602,0.0,1018.3199999999999,0.0,117.0
Y-12,2025-05-21,13.514000000000001,0.0,1023.26,0.0,131.0
Y-12,2025-06-11,16.132,0.0,1024.87,0.0,152.0
Y-12,2025-07-17,21.665000000000003,0.0,1026.7199999999998,0.0,188.0
Y-12,2025-08-27,29.926000000000002,0.0,1028.2899999999997,0.0,229.0
Y-12,2025-10-21,31.238000000000003,0.0,1028.4299999999998,0.0,243.0
Y-12,2026-01-12,31.251000000000005,0.0,1028.4299999999998,0.0,367.0
Y-13,2024-11-05,0.0,0.0,0.0,0.0,0.0
Y-13,2025-05-07,75.134,0.0,2.23,0.0,117.0
Y-13,2025-07-30,2303.7070000000003,0.0,24.04,0.0,201.0
Y-13,2025-08-27,2874.952,0.0,24.04,0.0,229.0
Y-13,2025-10-29,2998.3520000000003,0.0,24.04,0.0,243.0
Y-13,2026-01-12,2998.3590000000004,0.0,24.04,0.0,367.0
Y-15,2024-11-07,0.0,0.0,0.0,0.0,0.0
Y-15,2025-04-23,174.08,0.0,4.86,0.0,103.0
Y-15,2025-05-21,189.864,0.0,5.08,0.0,131.0
Y-15,2025-07-30,1036.196,0.0,18.43,0.0,201.0
Y-15,2025-08-27,1158.018,0.0,19.49,0.0,229.0
Y-15,2025-10-21,1173.984,0.0,19.52,0.0,243.0
Y-15,2026-01-08,1173.99,0.0,19.52,0.0,363.0
Y-16,2024-11-05,0.0,0.0,0.0,0.0,0.0
Y-16,2025-05-07,487260.16333333333,88178.808347691,32347.45488888889,5862.981889846065,117.0
Y-16,2025-05-21,596966.9166666666,117576.25883231334,39661.23844444445,7822.811922154222,131.0
Y-16,2025-06-11,752963.2166666667,143918.43143146444,50060.99177777778,9578.956762097629,152.0
Y-16,2025-06-17,752963.2166666667,143918.43143146444,50060.99177777778,9578.956762097629,152.0
Y-16,2025-07-17,1096822.4966666666,188934.42617035424,72984.94377777778,12580.023078023614,188.0
Y-16,2025-08-27,1473281.2466666666,234320.66946265043,98082.19377777778,15605.77263084336,229.0
Y-16,2025-10-21,1583734.6066666667,267915.9882059416,105445.75111111111,17845.460547062772,243.0
Y-16,2026-01-12,1583734.6686666666,267915.9882059416,105445.75111111111,17845.460547062772,367.0
Y-17,2024-11-05,0.0,0.0,0.0,0.0,0.0
Y-17,2025-05-07,318552.98,36424.429501090824,21236.86533333333,2428.2953000727216,117.0
Y-17,2025-05-21,370411.19,43560.185977099514,24694.07933333333,2904.012398473301,131.0
Y-17,2025-06-11,445459.95999999996,55802.85616330073,29697.330666666665,3720.190410886715,152.0
Y-17,2025-07-17,566880.62,70707.1578081891,37792.04133333333,4713.810520545941,188.0
Y-17,2025-08-27,681368.7533333333,102144.89673201051,45424.58355555555,6809.659782134035,229.0
Y-17,2025-10-21,711100.6433333333,107476.09299522387,47406.70955555555,7165.072866348258,243.0
Y-17,2026-01-12,711100.6693333333,107476.09299522387,47406.70955555555,7165.072866348258,367.0
Y-18,2024-11-07,0.0,0.0,0.0,0.0,0.0
Y-18,2025-05-07,876.1490000000001,0.0,23.76,0.0,117.0
Y-18,2025-05-21,876.1490000000001,0.0,24.5,0.0,131.0
Y-18,2025-06-11,8010.469,53.20000000000027,25.26,0.0,152.0
Y-18,2025-07-17,24194.309,691.6000000000008,26.76,0.0,188.0
Y-18,2025-08-27,63765.519,7412.4807268765,27.19,0.0,229.0
Y-18,2025-10-23,67814.239,7529.520726876499,27.3,0.0,243.0
Y-18,2026-01-08,67814.245,7529.520726876499,27.3,0.0,363.0
Y-19,2024-11-07,0.0,0.0,0.0,0.0,0.0
Y-19,2025-05-07,649.3910000000001,0.0,2.7199999999999998,0.0,117.0
Y-19,2025-07-30,58173.861,5154.737266579747,3282.103333333333,335.8464844386498,201.0
Y-19,2025-08-27,89366.03099999999,8097.971887893515,3282.103333333333,335.8464844386498,229.0
Y-19,2025-10-29,94127.631,8864.051887893515,3282.103333333333,335.8464844386498,243.0
Y-19,2026-01-12,94127.64099999999,8864.051887893515,3282.103333333333,335.8464844386498,367.0
Y-20,2024-11-05,0.0,0.0,0.0,0.0,0.0
Y-20,2025-04-23,3.12,0.0,12.43,0.0,103.0
Y-20,2025-05-07,3.557,0.0,12.95,0.0,117.0
Y-20,2025-05-21,8.886,0.0,16.08,0.0,131.0
Y-20,2025-07-30,71.587,0.0,18.619999999999997,0.0,201.0
Y-20,2025-08-27,97.96000000000001,0.0,19.24,0.0,229.0
Y-20,2025-10-21,107.29,0.0,19.29,0.0,243.0
Y-20,2026-01-12,107.311,0.0,19.29,0.0,367.0
Y-21,2024-11-05,0.0,0.0,0.0,0.0,0.0
Y-21,2025-05-07,495.265,0.0,9.93,0.0,117.0
Y-21,2025-05-21,1995.2649999999999,500.0,10.7,0.0,131.0
Y-21,2025-06-11,21973.805,913.840000000002,11.309999999999999,0.0,152.0
Y-21,2025-07-17,70759.955,8371.46880228347,12.52,0.0,188.0
Y-21,2025-08-27,158171.71500000003,50010.75009492028,12.73,0.0,229.0
Y-21,2025-10-23,166508.35500000004,50372.51009492028,12.870000000000001,0.0,243.0
Y-21,2026-01-08,166508.36700000003,50372.51009492028,12.870000000000001,0.0,363.0
Y-22,2024-11-05,0.0,0.0,0.0,0.0,0.0
Y-22,2025-05-07,859321.9166666666,146661.54383645754,57288.12777777778,9777.436255763838,117.0
Y-22,2025-05-21,1090389.1666666665,176254.29038333113,72692.61111111111,11750.286025555411,131.0
Y-22,2025-06-11,1368218.9166666665,189943.0654084201,91214.59444444445,12662.871027228011,152.0
Y-22,2025-06-17,1368218.9166666665,189943.0654084201,91214.59444444445,12662.871027228011,152.0
Y-22,2025-07-17,1817802.4166666665,242366.2809910555,121186.82777777778,16157.75206607037,188.0
Y-22,2025-08-27,2237442.4166666665,267287.56726403907,149162.8277777778,17819.17115093594,229.0
Y-22,2025-10-21,2345143.25,295042.4036925889,156342.88333333336,19669.49357950593,243.0
Y-22,2026-01-12,2345143.281,295042.4036925889,156342.88333333336,19669.49357950593,367.0
Y-23,2024-11-07,0.0,0.0,0.0,0.0,0.0
Y-23,2025-04-23,242.205,0.0,9.39,0.0,103.0
Y-23,2025-05-21,292.423,0.0,9.81,0.0,131.0
Y-23,2025-07-30,3789.155,117.03999999999996,29.94,0.0,201.0
Y-23,2025-08-27,4168.577,117.03999999999996,31.73,0.0,229.0
Y-23,2025-10-21,4188.529,117.03999999999996,31.8,0.0,243.0
Y-23,2026-01-08,4188.529,117.03999999999996,31.8,0.0,363.0
Y-24,2024-11-05,0.0,0.0,0.0,0.0,0.0
Y-24,2025-04-23,234860.93,24950.969715111674,15657.395333333334,1663.3979810074447,103.0
Y-24,2025-05-07,288019.62,32303.718119137207,19201.308,2153.58120794248,117.0
Y-24,2025-07-30,569436.3233333334,81811.9145194387,37962.42155555556,5454.127634629245,201.0
Y-24,2025-08-27,618588.9733333334,88282.66302347592,41239.26488888889,5885.510868231727,229.0
Y-24,2025-10-21,629926.0933333334,90282.98302347591,41250.91488888889,5885.510868231727,243.0
Y-24,2026-01-12,629926.1323333334,90282.98302347591,41250.91488888889,5885.510868231727,367.0
Y-25,2024-11-05,0.0,0.0,0.0,0.0,0.0
Y-25,2025-05-07,519.5360000000001,0.0,4.380000000000001,0.0,117.0
Y-25,2025-05-21,2019.536,500.0,4.500000000000001,0.0,131.0
Y-25,2025-06-17,27648.546,7419.390526000105,5.110000000000001,0.0,152.0
Y-25,2025-07-17,59969.246,8478.750526000105,7.510000000000002,0.0,188.0
Y-25,2025-08-27,144502.57933333333,52371.99724693378,8.55,0.0,229.0
Y-25,2025-10-23,151626.25933333332,52393.27724693378,8.72,0.0,243.0
Y-25,2026-01-08,151626.26433333333,52393.27724693378,8.72,0.0,363.0
Y-26,2024-11-05,0.0,0.0,0.0,0.0,0.0
Y-26,2025-04-23,754.74,0.0,8.34,0.0,103.0
Y-26,2025-05-21,775.447,0.0,8.629999999999999,0.0,131.0
Y-26,2025-07-30,1572.195,0.0,22.979999999999997,0.0,201.0
Y-26,2025-08-27,1683.6,0.0,24.229999999999997,0.0,229.0
Y-26,2025-10-21,1702.3139999999999,0.0,24.229999999999997,0.0,243.0
Y-26,2026-01-08,1702.3239999999998,0.0,24.229999999999997,0.0,363.0
Y-30,2024-11-05,0.0,0.0,0.0,0.0,0.0
Y-30,2025-04-23,618370.797,55426.081800622575,41223.58933333334,3695.0721200415046,103.0
Y-30,2025-05-07,778835.6436666667,70933.25281925636,51921.24577777778,4728.883521283757,117.0
Y-30,2025-07-30,1794170.8536666667,185915.0288394452,119610.25977777777,12394.335255963015,201.0
Y-30,2025-08-27,2120919.103666667,223420.45142988538,141393.47644444444,14894.69676199236,229.0
Y-30,2025-10-21,2210156.273666667,231393.9670178867,147342.6211111111,15426.264467859115,243.0
Y-30,2026-01-12,2210156.321666667,231393.9670178867,147342.6211111111,15426.264467859115,367.0
Y-32,2024-11-07,0.0,0.0,0.0,0.0,0.0
Y-32,2025-05-07,306.601,0.0,2.4800000000000004,0.0,117.0
Y-32,2025-07-30,21850.478000000003,829.9199999999987,30.1,0.0,201.0
Y-32,2025-08-27,33389.758,1947.1199999999985,30.1,0.0,229.0
Y-32,2025-10-29,34889.758,2447.1199999999985,30.130000000000003,0.0,243.0
Y-32,2026-01-12,34889.765,2447.1199999999985,30.130000000000003,0.0,367.0
Y-34,2024-11-05,0.0,0.0,0.0,0.0,0.0
Y-34,2025-05-07,559.855,0.0,5.260000000000001,0.0,117.0
Y-34,2025-05-21,559.855,0.0,5.260000000000001,0.0,131.0
Y-34,2025-06-17,6534.414999999999,574.56,5.640000000000001,0.0,152.0
Y-34,2025-07-17,19909.295,1404.4799999999996,7.630000000000001,0.0,188.0
Y-34,2025-08-27,47277.835,1404.4799999999996,9.030000000000001,0.0,229.0
Y-34,2025-10-23,50219.994999999995,1627.9199999999996,9.160000000000002,0.0,243.0
Y-34,2026-01-08,50220.001,1627.9199999999996,9.160000000000002,0.0,363.0
Y-36,2024-11-05,0.0,0.0,0.0,0.0,0.0
Y-36,2025-05-07,361.799,0.0,4.2,0.0,117.0
Y-36,2025-05-21,361.799,0.0,4.3100000000000005,0.0,131.0
Y-36,2025-06-17,7815.319,266.0,5.000000000000001,0.0,152.0
Y-36,2025-07-17,27063.479,1478.9599999999996,7.4700000000000015,0.0,188.0
Y-36,2025-08-27,90291.97899999999,29111.240040742203,9.21,0.0,229.0
Y-36,2025-10-23,94606.699,29132.5200407422,9.55,0.0,243.0
Y-36,2026-01-08,94606.70499999999,29132.5200407422,9.55,0.0,363.0
Y-37,2024-11-07,0.0,0.0,0.0,0.0,0.0
Y-38,2024-11-05,0.0,0.0,0.0,0.0,0.0
Y-38,2025-05-07,19.038,0.0,0.7400000000000001,0.0,117.0
Y-38,2025-05-21,47.242000000000004,0.0,0.9200000000000002,0.0,131.0
Y-38,2025-06-17,147.215,0.0,1.6,0.0,152.0
Y-38,2025-07-17,448.494,0.0,5.46,0.0,188.0
Y-38,2025-08-27,912.6700000000001,0.0,8.0,0.0,229.0
Y-38,2025-10-23,962.772,0.0,8.15,0.0,243.0
Y-38,2026-01-08,962.783,0.0,8.15,0.0,363.0
Y-39,2024-11-05,0.0,0.0,0.0,0.0,0.0
Y-39,2025-05-07,158.13800000000003,0.0,12.360000000000001,0.0,117.0
Y-39,2025-05-21,313.42600000000004,0.0,12.73,0.0,131.0
Y-39,2025-06-11,714.0260000000001,0.0,13.08,0.0,152.0
Y-39,2025-07-17,1791.056,0.0,14.25,0.0,188.0
Y-39,2025-08-27,6573.936,787.3599999999999,15.0,0.0,229.0
Y-39,2025-10-23,6965.5019999999995,787.3599999999999,15.03,0.0,243.0
Y-39,2026-01-08,6965.507,787.3599999999999,15.03,0.0,363.0
Y-40,2024-11-05,0.0,0.0,0.0,0.0,0.0
Y-40,2025-04-23,185.948,0.0,7.390000000000001,0.0,103.0
Y-40,2025-05-21,205.99800000000002,0.0,7.620000000000001,0.0,131.0
Y-40,2025-07-30,1115.3850000000002,0.0,20.560000000000002,0.0,201.0
Y-40,2025-08-27,1330.7370000000003,0.0,21.730000000000004,0.0,229.0
Y-40,2025-10-21,1371.6500000000003,0.0,21.730000000000004,0.0,243.0
Y-40,2026-01-08,1371.6600000000003,0.0,21.730000000000004,0.0,363.0
