plate,collection_date,this_body_mrem,this_photon_mrem,this_beta_mrem,this_neutron_mrem,this_nt_mrem,this_nf_mrem,this_dose_status,cum_body_mrem,cum_photon_mrem,cum_beta_mrem,cum_neutron_mrem,cum_nt_mrem,cum_nf_mrem,cum_n_badges,cum_n_saturated,is_lower_bound
Hs-1,2025-03-12,751,751,0,0,0,0,MEASURED,751,751,0,0,0,0,1,0,False
Hs-1,2025-03-25,13444,13064,0,380,20,360,MEASURED,14195,13815,0,380,20,360,2,0,False
Hs-1,2025-04-08,35603,34213,0,1390,130,1260,MEASURED,49798,48028,0,1770,150,1620,3,0,False
Hs-1,2025-04-23,10864,10614,0,250,20,230,MEASURED,60662,58642,0,2020,170,1850,4,0,False
Hs-1,2025-05-07,4422,4392,0,30,0,30,MEASURED,65084,63034,0,2050,170,1880,5,0,False
Hs-1,2025-05-21,26001,25871,0,130,10,120,MEASURED,91085,88905,0,2180,180,2000,6,0,False
Hs-1,2025-06-17,552374,540464,0,11910,930,10980,MEASURED,643459,629369,0,14090,1110,12980,7,0,False
Hs-1,2025-07-02,270445,264345,0,6100,430,5670,MEASURED,913904,893714,0,20190,1540,18650,8,0,False
Hs-1,2025-07-30,596843,587303,0,9540,740,8800,MEASURED,1510747,1481017,0,29730,2280,27450,9,0,False
Hs-1,2025-08-27,187772,187772,0,0,0,0,MEASURED,1698519,1668789,0,29730,2280,27450,10,0,False
Hs-1,2025-09-10,61025,61025,0,0,0,0,MEASURED,1759544,1729814,0,29730,2280,27450,11,0,False
Hs-1,2026-01-12,6,6,0,0,0,0,MEASURED,1759550,1729820,0,29730,2280,27450,12,0,False
Hs-2,2025-03-12,460,306,154,0,0,0,MEASURED,460,306,154,0,0,0,1,0,False
Hs-2,2025-03-25,18950,18430,0,520,50,470,MEASURED,19410,18736,154,520,50,470,2,0,False
Hs-2,2025-04-08,85344,83564,0,1780,140,1640,MEASURED,104754,102300,154,2300,190,2110,3,0,False
Hs-2,2025-04-23,89571,89221,0,350,20,330,MEASURED,194325,191521,154,2650,210,2440,4,0,False
Hs-2,2025-05-07,53416,53356,0,60,0,60,MEASURED,247741,244877,154,2710,210,2500,5,0,False
Hs-2,2025-05-21,562571,562421,0,150,10,140,MEASURED,810312,807298,154,2860,220,2640,6,0,False
Hs-2,2025-06-17,1005870,-1,0,5870,1030,4840,EXCEEDED_PARTIAL,1816182,807298,154,8730,1250,7480,7,1,True
Hs-2,2025-07-02,1005660,-1,0,5660,400,5260,EXCEEDED_PARTIAL,2821842,807298,154,14390,1650,12740,8,2,True
Hs-2,2025-07-30,1009800,-1,0,9800,690,9110,EXCEEDED_PARTIAL,3831642,807298,154,24190,2340,21850,9,3,True
Hs-2,2025-08-27,1000000,-1,0,0,0,0,SATURATED_FLOOR,4831642,807298,154,24190,2340,21850,10,4,True
Hs-2,2025-09-10,1000040,-1,0,40,0,40,EXCEEDED_PARTIAL,5831682,807298,154,24230,2340,21890,11,5,True
Hs-2,2026-01-12,5,5,0,0,0,0,MEASURED,5831687,807303,154,24230,2340,21890,12,5,True
Hs-3,2025-03-12,80,51,29,0,0,0,MEASURED,80,51,29,0,0,0,1,0,False
Hs-3,2025-03-25,3267,1495,1382,390,30,360,MEASURED,3347,1546,1411,390,30,360,2,0,False
Hs-3,2025-04-08,37643,23236,13237,1170,90,1080,MEASURED,40990,24782,14648,1560,120,1440,3,0,False
Hs-3,2025-04-23,216168,215978,0,190,20,170,MEASURED,257158,240760,14648,1750,140,1610,4,0,False
Hs-3,2025-05-07,194438,194438,0,0,0,0,MEASURED,451596,435198,14648,1750,140,1610,5,0,False
Hs-3,2025-05-21,1000110,-1,0,110,0,110,EXCEEDED_PARTIAL,1451706,435198,14648,1860,140,1720,6,1,True
Hs-3,2025-06-17,1024700,477397,541333,5970,0,0,MEASURED,2476406,912595,555981,7830,140,1720,7,1,True
Hs-3,2025-07-02,1004580,-1,0,4580,250,4330,EXCEEDED_PARTIAL,3480986,912595,555981,12410,390,6050,8,2,True
Hs-3,2025-07-30,1007450,-1,0,7450,510,6940,EXCEEDED_PARTIAL,4488436,912595,555981,19860,900,12990,9,3,True
Hs-3,2025-08-27,1000000,-1,0,0,0,0,SATURATED_FLOOR,5488436,912595,555981,19860,900,12990,10,4,True
Hs-3,2025-09-10,1000000,-1,0,0,0,0,SATURATED_FLOOR,6488436,912595,555981,19860,900,12990,11,5,True
Hs-3,2026-01-12,0,0,0,0,0,0,MEASURED,6488436,912595,555981,19860,900,12990,12,5,True
Hs-4,2025-01-27,0,0,0,0,0,0,MEASURED,0,0,0,0,0,0,1,0,False
Hs-4,2025-02-18,643,189,34,420,70,350,MEASURED,643,189,34,420,70,350,2,0,False
Hs-4,2025-03-05,46,46,0,0,0,0,MEASURED,689,235,34,420,70,350,3,0,False
Hs-4,2025-03-12,1298,328,0,970,70,900,MEASURED,1987,563,34,1390,140,1250,4,0,False
Hs-4,2025-03-25,11254,2674,0,8580,590,7990,MEASURED,13241,3237,34,9970,730,9240,5,0,False
Hs-4,2025-04-08,6454,6454,0,0,0,0,MEASURED,19695,9691,34,9970,730,9240,6,0,False
Hs-4,2025-04-23,4051,831,0,3220,280,2940,MEASURED,23746,10522,34,13190,1010,12180,7,0,False
Hs-4,2025-05-07,5729,1419,0,4310,320,3990,MEASURED,29475,11941,34,17500,1330,16170,8,0,False
Hs-4,2025-05-21,7316,1936,0,5380,470,4910,MEASURED,36791,13877,34,22880,1800,21080,9,0,False
Hs-4,2025-06-11,4070,2780,0,1290,110,1180,MEASURED,40861,16657,34,24170,1910,22260,10,0,False
Hs-4,2025-07-02,3962,3312,0,650,60,590,MEASURED,44823,19969,34,24820,1970,22850,11,0,False
Hs-4,2025-07-17,3190,2290,0,900,70,830,MEASURED,48013,22259,34,25720,2040,23680,12,0,False
Hs-4,2025-08-27,9417,7797,0,1620,180,1440,MEASURED,57430,30056,34,27340,2220,25120,13,0,False
Hs-4,2025-09-10,1634,1454,0,180,20,160,MEASURED,59064,31510,34,27520,2240,25280,14,0,False
Hs-4,2026-01-12,22,22,0,0,0,0,MEASURED,59086,31532,34,27520,2240,25280,15,0,False
Hs-5,2025-01-27,0,0,0,0,0,0,MEASURED,0,0,0,0,0,0,1,0,False
Hs-5,2025-02-18,0,0,0,0,0,0,MEASURED,0,0,0,0,0,0,2,0,False
Hs-5,2025-03-05,0,0,0,0,0,0,MEASURED,0,0,0,0,0,0,3,0,False
Hs-5,2025-03-12,654,114,0,540,60,480,MEASURED,654,114,0,540,60,480,4,0,False
Hs-5,2025-03-25,5635,1035,0,4600,410,4190,MEASURED,6289,1149,0,5140,470,4670,5,0,False
Hs-5,2025-04-08,7882,1432,0,6450,480,5970,MEASURED,14171,2581,0,11590,950,10640,6,0,False
Hs-5,2025-04-23,1201,581,0,620,50,570,MEASURED,15372,3162,0,12210,1000,11210,7,0,False
Hs-5,2025-05-07,1165,495,0,670,50,620,MEASURED,16537,3657,0,12880,1050,11830,8,0,False
Hs-5,2025-05-21,7636,5596,0,2040,290,1750,MEASURED,24173,9253,0,14920,1340,13580,9,0,False
Hs-5,2025-06-17,18045,17215,0,830,70,760,MEASURED,42218,26468,0,15750,1410,14340,10,0,False
Hs-5,2025-07-02,18998,18728,0,270,20,250,MEASURED,61216,45196,0,16020,1430,14590,11,0,False
Hs-5,2025-07-30,26581,25421,0,1160,130,1030,MEASURED,87797,70617,0,17180,1560,15620,12,0,False
Hs-5,2025-08-27,32781,32201,0,580,60,520,MEASURED,120578,102818,0,17760,1620,16140,13,0,False
Hs-5,2025-09-10,11862,11862,0,0,0,0,MEASURED,132440,114680,0,17760,1620,16140,14,0,False
Hs-5,2026-01-12,22,22,0,0,0,0,MEASURED,132462,114702,0,17760,1620,16140,15,0,False
Hn-6,2025-01-27,1829,1829,0,0,0,0,MEASURED,1829,1829,0,0,0,0,1,0,False
Hn-6,2025-02-18,24974,24774,0,200,10,190,MEASURED,26803,26603,0,200,10,190,2,0,False
Hn-6,2025-03-05,177593,176183,0,1410,110,1300,MEASURED,204396,202786,0,1610,120,1490,3,0,False
Hn-6,2025-03-12,1000000,-1,0,0,0,0,SATURATED_FLOOR,1204396,202786,0,1610,120,1490,4,1,True
Hn-6,2025-03-25,1000000,-1,0,0,0,0,SATURATED_FLOOR,2204396,202786,0,1610,120,1490,5,2,True
Hn-6,2025-04-08,1000000,-1,0,0,0,0,SATURATED_FLOOR,3204396,202786,0,1610,120,1490,6,3,True
Hn-6,2025-04-23,1000000,-1,0,0,0,0,SATURATED_FLOOR,4204396,202786,0,1610,120,1490,7,4,True
Hn-6,2025-05-07,1000000,-1,0,0,0,0,SATURATED_FLOOR,5204396,202786,0,1610,120,1490,8,5,True
Hn-6,2025-05-21,1000000,-1,0,0,0,0,SATURATED_FLOOR,6204396,202786,0,1610,120,1490,9,6,True
Hn-6,2025-06-17,1000000,-1,0,0,0,0,SATURATED_FLOOR,7204396,202786,0,1610,120,1490,10,7,True
Hn-6,2025-07-02,1000000,-1,0,0,0,0,SATURATED_FLOOR,8204396,202786,0,1610,120,1490,11,8,True
Hn-6,2025-07-30,1000000,-1,0,0,0,0,SATURATED_FLOOR,9204396,202786,0,1610,120,1490,12,9,True
Hn-6,2025-08-27,1000000,-1,0,0,0,0,SATURATED_FLOOR,10204396,202786,0,1610,120,1490,13,10,True
Hn-6,2025-09-10,1000000,-1,0,0,0,0,SATURATED_FLOOR,11204396,202786,0,1610,120,1490,14,11,True
Hn-6,2026-01-12,60,60,0,0,0,0,MEASURED,11204456,202846,0,1610,120,1490,15,11,True
Hs-6,2025-03-12,1526,615,541,370,30,340,MEASURED,1526,615,541,370,30,340,1,0,False
Hs-6,2025-03-25,136305,108549,27756,0,0,0,MEASURED,137831,109164,28297,370,30,340,2,0,False
Hs-6,2025-04-08,1000000,-1,0,0,0,0,SATURATED_FLOOR,1137831,109164,28297,370,30,340,3,1,True
Hs-6,2025-04-23,171564,170834,0,730,70,660,MEASURED,1309395,279998,28297,1100,100,1000,4,1,True
Hs-6,2025-05-07,123742,122792,0,950,100,850,MEASURED,1433137,402790,28297,2050,200,1850,5,1,True
Hs-6,2025-05-21,1001090,-1,0,1090,130,960,EXCEEDED_PARTIAL,2434227,402790,28297,3140,330,2810,6,2,True
Hs-6,2025-06-11,1000720,-1,0,720,60,660,EXCEEDED_PARTIAL,3434947,402790,28297,3860,390,3470,7,3,True
Hs-6,2025-07-02,1000680,-1,0,680,90,590,EXCEEDED_PARTIAL,4435627,402790,28297,4540,480,4060,8,4,True
Hs-6,2025-07-17,1000650,-1,0,650,60,590,EXCEEDED_PARTIAL,5436277,402790,28297,5190,540,4650,9,5,True
Hs-6,2025-08-27,1000610,-1,0,610,60,550,EXCEEDED_PARTIAL,6436887,402790,28297,5800,600,5200,10,6,True
Hs-6,2025-09-10,1000170,-1,0,170,20,150,EXCEEDED_PARTIAL,7437057,402790,28297,5970,620,5350,11,7,True
Hs-6,2026-01-08,6,6,0,0,0,0,MEASURED,7437063,402796,28297,5970,620,5350,12,7,True
Hs-7,2025-01-27,218,218,0,0,0,0,MEASURED,218,218,0,0,0,0,1,0,False
Hs-7,2025-02-18,92499,46619,33240,12640,780,11860,MEASURED,92717,46837,33240,12640,780,11860,2,0,False
Hs-7,2025-03-05,4479,2837,922,720,40,680,MEASURED,97196,49674,34162,13360,820,12540,3,0,False
Hs-7,2025-03-12,22401,21031,0,1370,90,1280,MEASURED,119597,70705,34162,14730,910,13820,4,0,False
Hs-7,2025-03-25,36172,33382,0,2790,310,2480,MEASURED,155769,104087,34162,17520,1220,16300,5,0,False
Hs-7,2025-04-08,110017,53430,56587,0,0,0,MEASURED,265786,157517,90749,17520,1220,16300,6,0,False
Hs-7,2025-04-23,18098,16858,0,1240,90,1150,MEASURED,283884,174375,90749,18760,1310,17450,7,0,False
Hs-7,2025-05-07,34068,31878,0,2190,130,2060,MEASURED,317952,206253,90749,20950,1440,19510,8,0,False
Hs-7,2025-05-21,37574,31071,4113,2390,140,2250,MEASURED,355526,237324,94862,23340,1580,21760,9,0,False
Hs-7,2025-06-11,76004,73724,0,2280,140,2140,MEASURED,431530,311048,94862,25620,1720,23900,10,0,False
Hs-7,2025-07-02,85215,85215,0,0,0,0,MEASURED,516745,396263,94862,25620,1720,23900,11,0,False
Hs-7,2025-07-17,59874,58294,0,1580,100,1480,MEASURED,576619,454557,94862,27200,1820,25380,12,0,False
Hs-7,2025-08-27,203717,198297,0,5420,360,5060,MEASURED,780336,652854,94862,32620,2180,30440,13,0,False
Hs-7,2025-09-10,34422,32792,0,1630,90,1540,MEASURED,814758,685646,94862,34250,2270,31980,14,0,False
Hs-7,2026-01-12,10,10,0,0,0,0,MEASURED,814768,685656,94862,34250,2270,31980,15,0,False
Hn-8,2025-03-12,155,125,30,0,0,0,MEASURED,155,125,30,0,0,0,1,0,False
Hn-8,2025-03-25,52999,23906,26333,2760,210,2550,MEASURED,53154,24031,26363,2760,210,2550,2,0,False
Hn-8,2025-04-08,107030,56785,45685,4560,290,4270,MEASURED,160184,80816,72048,7320,500,6820,3,0,False
Hn-8,2025-04-23,1169,1169,0,0,0,0,MEASURED,161353,81985,72048,7320,500,6820,4,0,False
Hn-8,2025-05-07,1113,1113,0,0,0,0,MEASURED,162466,83098,72048,7320,500,6820,5,0,False
Hn-8,2025-05-21,16959,16769,0,190,10,180,MEASURED,179425,99867,72048,7510,510,7000,6,0,False
Hn-8,2025-06-17,326207,288197,33570,4440,350,4090,MEASURED,505632,388064,105618,11950,860,11090,7,0,False
Hn-8,2025-07-02,83171,67067,14994,1110,100,1010,MEASURED,588803,455131,120612,13060,960,12100,8,0,False
Hn-8,2025-07-30,478449,357557,112622,8270,550,7720,MEASURED,1067252,812688,233234,21330,1510,19820,9,0,False
Hn-8,2025-08-27,221300,220350,0,950,60,890,MEASURED,1288552,1033038,233234,22280,1570,20710,10,0,False
Hn-8,2025-09-10,41226,41226,0,0,0,0,MEASURED,1329778,1074264,233234,22280,1570,20710,11,0,False
Hn-8,2026-01-08,6,6,0,0,0,0,MEASURED,1329784,1074270,233234,22280,1570,20710,12,0,False
Hn-9,2025-03-12,512,279,233,0,0,0,MEASURED,512,279,233,0,0,0,1,0,False
Hn-9,2025-03-25,458428,89773,365065,3590,230,3360,MEASURED,458940,90052,365298,3590,230,3360,2,0,False
Hn-9,2025-04-08,156949,153559,0,3390,200,3190,MEASURED,615889,243611,365298,6980,430,6550,3,0,False
Hn-9,2025-04-23,768,768,0,0,0,0,MEASURED,616657,244379,365298,6980,430,6550,4,0,False
Hn-9,2025-05-07,717,717,0,0,0,0,MEASURED,617374,245096,365298,6980,430,6550,5,0,False
Hn-9,2025-05-21,34978,27466,7212,300,20,280,MEASURED,652352,272562,372510,7280,450,6830,6,0,False
Hn-9,2025-06-17,1008550,-1,0,8550,560,7990,EXCEEDED_PARTIAL,1660902,272562,372510,15830,1010,14820,7,1,True
Hn-9,2025-07-02,390007,276816,111251,1940,130,1810,MEASURED,2050909,549378,483761,17770,1140,16630,8,1,True
Hn-9,2025-07-30,1008120,-1,0,8120,610,7510,EXCEEDED_PARTIAL,3059029,549378,483761,25890,1750,24140,9,2,True
Hn-9,2025-08-27,181956,111546,68920,1490,100,1390,MEASURED,3240985,660924,552681,27380,1850,25530,10,2,True
Hn-9,2025-09-10,17044,17014,0,30,0,30,MEASURED,3258029,677938,552681,27410,1850,25560,11,2,True
Hn-9,2026-01-08,10,10,0,0,0,0,MEASURED,3258039,677948,552681,27410,1850,25560,12,2,True
Hn-10,2025-03-12,3950,2924,1006,20,0,20,MEASURED,3950,2924,1006,20,0,20,1,0,False
Hn-10,2025-03-25,98665,95705,0,2960,190,2770,MEASURED,102615,98629,1006,2980,190,2790,2,0,False
Hn-10,2025-04-08,42268,40198,0,2070,190,1880,MEASURED,144883,138827,1006,5050,380,4670,3,0,False
Hn-10,2025-04-23,1031,1031,0,0,0,0,MEASURED,145914,139858,1006,5050,380,4670,4,0,False
Hn-10,2025-05-07,598,598,0,0,0,0,MEASURED,146512,140456,1006,5050,380,4670,5,0,False
Hn-10,2025-05-21,16242,16082,0,160,20,140,MEASURED,162754,156538,1006,5210,400,4810,6,0,False
Hn-10,2025-06-17,288393,284693,0,3700,380,3320,MEASURED,451147,441231,1006,8910,780,8130,7,0,False
Hn-10,2025-07-02,113261,111601,0,1660,120,1540,MEASURED,564408,552832,1006,10570,900,9670,8,0,False
Hn-10,2025-07-30,371244,366284,0,4960,440,4520,MEASURED,935652,919116,1006,15530,1340,14190,9,0,False
Hn-10,2025-08-27,82556,81596,0,960,70,890,MEASURED,1018208,1000712,1006,16490,1410,15080,10,0,False
Hn-10,2025-09-10,17800,17800,0,0,0,0,MEASURED,1036008,1018512,1006,16490,1410,15080,11,0,False
Hn-10,2026-01-08,6,6,0,0,0,0,MEASURED,1036014,1018518,1006,16490,1410,15080,12,0,False
Hs-10,2025-03-12,188,94,94,0,0,0,MEASURED,188,94,94,0,0,0,1,0,False
Hs-10,2025-03-25,7810,2911,4469,430,30,400,MEASURED,7998,3005,4563,430,30,400,2,0,False
Hs-10,2025-04-08,76056,36971,36935,2150,150,2000,MEASURED,84054,39976,41498,2580,180,2400,3,0,False
Hs-10,2025-04-23,249900,249660,0,240,20,220,MEASURED,333954,289636,41498,2820,200,2620,4,0,False
Hs-10,2025-05-07,193493,193463,0,30,0,30,MEASURED,527447,483099,41498,2850,200,2650,5,0,False
Hs-10,2025-05-21,1000140,-1,0,140,10,130,EXCEEDED_PARTIAL,1527587,483099,41498,2990,210,2780,6,1,True
Hs-10,2025-06-17,1013760,-1,0,13760,1040,12720,EXCEEDED_PARTIAL,2541347,483099,41498,16750,1250,15500,7,2,True
Hs-10,2025-07-02,1004080,-1,0,4080,340,3740,EXCEEDED_PARTIAL,3545427,483099,41498,20830,1590,19240,8,3,True
Hs-10,2025-07-30,1010330,-1,0,10330,670,9660,EXCEEDED_PARTIAL,4555757,483099,41498,31160,2260,28900,9,4,True
Hs-10,2025-08-27,1000000,-1,0,0,0,0,SATURATED_FLOOR,5555757,483099,41498,31160,2260,28900,10,5,True
Hs-10,2025-09-10,1000000,-1,0,0,0,0,SATURATED_FLOOR,6555757,483099,41498,31160,2260,28900,11,6,True
Hs-10,2026-01-12,6,6,0,0,0,0,MEASURED,6555763,483105,41498,31160,2260,28900,12,6,True
Hn-11,2025-03-12,264,70,194,0,0,0,MEASURED,264,70,194,0,0,0,1,0,False
Hn-11,2025-03-25,1266,309,517,440,20,420,MEASURED,1530,379,711,440,20,420,2,0,False
Hn-11,2025-04-08,39690,32940,0,6750,350,6400,MEASURED,41220,33319,711,7190,370,6820,3,0,False
Hn-11,2025-04-23,154449,154359,0,90,0,90,MEASURED,195669,187678,711,7280,370,6910,4,0,False
Hn-11,2025-05-07,179632,179552,0,80,0,80,MEASURED,375301,367230,711,7360,370,6990,5,0,False
Hn-11,2025-05-21,1000090,-1,0,90,0,90,EXCEEDED_PARTIAL,1375391,367230,711,7450,370,7080,6,1,True
Hn-11,2025-06-11,1000600,-1,0,600,30,570,EXCEEDED_PARTIAL,2375991,367230,711,8050,400,7650,7,2,True
Hn-11,2025-07-02,1001500,-1,0,1500,100,1400,EXCEEDED_PARTIAL,3377491,367230,711,9550,500,9050,8,3,True
Hn-11,2025-07-17,1001610,-1,0,1610,110,1500,EXCEEDED_PARTIAL,4379101,367230,711,11160,610,10550,9,4,True
Hn-11,2025-08-27,1002170,-1,0,2170,160,2010,EXCEEDED_PARTIAL,5381271,367230,711,13330,770,12560,10,5,True
Hn-11,2025-09-10,1000250,-1,0,250,20,230,EXCEEDED_PARTIAL,6381521,367230,711,13580,790,12790,11,6,True
Hn-11,2026-01-08,0,0,0,0,0,0,MEASURED,6381521,367230,711,13580,790,12790,12,6,True
Hn-12,2025-03-12,322,229,93,0,0,0,MEASURED,322,229,93,0,0,0,1,0,False
Hn-12,2025-03-25,2407,2357,0,50,0,50,MEASURED,2729,2586,93,50,0,50,2,0,False
Hn-12,2025-04-08,4200,2945,735,520,70,450,MEASURED,6929,5531,828,570,70,500,3,0,False
Hn-12,2025-04-23,4434,4334,0,100,0,100,MEASURED,11363,9865,828,670,70,600,4,0,False
Hn-12,2025-05-07,2388,2388,0,0,0,0,MEASURED,13751,12253,828,670,70,600,5,0,False
Hn-12,2025-05-21,26319,26179,0,140,10,130,MEASURED,40070,38432,828,810,80,730,6,0,False
Hn-12,2025-06-11,120741,119941,0,800,50,750,MEASURED,160811,158373,828,1610,130,1480,7,0,False
Hn-12,2025-07-02,111584,110654,0,930,70,860,MEASURED,272395,269027,828,2540,200,2340,8,0,False
Hn-12,2025-07-17,106051,104121,0,1930,180,1750,MEASURED,378446,373148,828,4470,380,4090,9,0,False
Hn-12,2025-08-27,392725,389325,0,3400,260,3140,MEASURED,771171,762473,828,7870,640,7230,10,0,False
Hn-12,2025-09-10,49243,49073,0,170,20,150,MEASURED,820414,811546,828,8040,660,7380,11,0,False
Hn-12,2026-01-08,0,0,0,0,0,0,MEASURED,820414,811546,828,8040,660,7380,12,0,False
Hs-12,2025-03-12,215085,0,227189,1850,140,1710,MEASURED,215085,0,227189,1850,140,1710,1,0,False
Hs-12,2025-03-25,38062,33302,0,4760,500,4260,MEASURED,253147,33302,227189,6610,640,5970,2,0,False
Hs-12,2025-04-08,36536,30346,0,6190,510,5680,MEASURED,289683,63648,227189,12800,1150,11650,3,0,False
Hs-12,2025-04-23,8049,7569,0,480,40,440,MEASURED,297732,71217,227189,13280,1190,12090,4,0,False
Hs-12,2025-05-07,6527,6097,0,430,80,350,MEASURED,304259,77314,227189,13710,1270,12440,5,0,False
Hs-12,2025-05-21,54241,53891,0,350,40,310,MEASURED,358500,131205,227189,14060,1310,12750,6,0,False
Hs-12,2025-06-11,234315,233815,0,500,60,440,MEASURED,592815,365020,227189,14560,1370,13190,7,0,False
Hs-12,2025-07-02,221932,221572,0,360,50,310,MEASURED,814747,586592,227189,14920,1420,13500,8,0,False
Hs-12,2025-07-17,140902,140192,0,710,70,640,MEASURED,955649,726784,227189,15630,1490,14140,9,0,False
Hs-12,2025-08-27,750019,749319,0,700,90,610,MEASURED,1705668,1476103,227189,16330,1580,14750,10,0,False
Hs-12,2025-09-10,115285,115285,0,0,0,0,MEASURED,1820953,1591388,227189,16330,1580,14750,11,0,False
Hs-12,2026-01-08,8,8,0,0,0,0,MEASURED,1820961,1591396,227189,16330,1580,14750,12,0,False
Hs-13,2025-01-27,1000280,-1,0,280,20,260,EXCEEDED_PARTIAL,1000280,0,0,280,20,260,1,1,True
Hs-13,2025-02-18,1000000,-1,0,0,0,0,SATURATED_FLOOR,2000280,0,0,280,20,260,2,2,True
Hs-13,2025-03-05,1007360,-1,0,7360,500,6860,EXCEEDED_PARTIAL,3007640,0,0,7640,520,7120,3,3,True
Hs-13,2025-03-12,1000000,-1,0,0,0,0,SATURATED_FLOOR,4007640,0,0,7640,520,7120,4,4,True
Hs-13,2025-03-25,1000000,-1,0,0,0,0,SATURATED_FLOOR,5007640,0,0,7640,520,7120,5,5,True
Hs-13,2025-04-08,1000000,-1,0,0,0,0,SATURATED_FLOOR,6007640,0,0,7640,520,7120,6,6,True
Hs-13,2025-04-23,1000000,-1,0,0,0,0,SATURATED_FLOOR,7007640,0,0,7640,520,7120,7,7,True
Hs-13,2025-05-07,1000000,-1,0,0,0,0,SATURATED_FLOOR,8007640,0,0,7640,520,7120,8,8,True
Hs-13,2025-05-21,1000000,-1,0,0,0,0,SATURATED_FLOOR,9007640,0,0,7640,520,7120,9,9,True
Hs-13,2025-06-17,1000000,-1,0,0,0,0,SATURATED_FLOOR,10007640,0,0,7640,520,7120,10,10,True
Hs-13,2025-07-02,1000000,-1,0,0,0,0,SATURATED_FLOOR,11007640,0,0,7640,520,7120,11,11,True
Hs-13,2025-07-30,1000000,-1,0,0,0,0,SATURATED_FLOOR,12007640,0,0,7640,520,7120,12,12,True
Hs-13,2025-08-27,1000000,-1,0,0,0,0,SATURATED_FLOOR,13007640,0,0,7640,520,7120,13,13,True
Hs-13,2025-09-10,1011570,-1,0,11570,730,10840,EXCEEDED_PARTIAL,14019210,0,0,19210,1250,17960,14,14,True
Hs-13,2026-01-12,35,35,0,0,0,0,MEASURED,14019245,35,0,19210,1250,17960,15,14,True
Hs-14,2025-03-12,1234,597,357,280,20,260,MEASURED,1234,597,357,280,20,260,1,0,False
Hs-14,2025-03-25,171734,161754,0,9980,700,9280,MEASURED,172968,162351,357,10260,720,9540,2,0,False
Hs-14,2025-04-08,1000000,-1,0,0,0,0,SATURATED_FLOOR,1172968,162351,357,10260,720,9540,3,1,True
Hs-14,2025-04-23,165708,164618,0,1090,110,980,MEASURED,1338676,326969,357,11350,830,10520,4,1,True
Hs-14,2025-05-07,113896,112396,0,1500,150,1350,MEASURED,1452572,439365,357,12850,980,11870,5,1,True
Hs-14,2025-05-21,1001040,-1,0,1040,80,960,EXCEEDED_PARTIAL,2453612,439365,357,13890,1060,12830,6,2,True
Hs-14,2025-06-11,1000620,-1,0,620,50,570,EXCEEDED_PARTIAL,3454232,439365,357,14510,1110,13400,7,3,True
Hs-14,2025-07-02,1000860,-1,0,860,100,760,EXCEEDED_PARTIAL,4455092,439365,357,15370,1210,14160,8,4,True
Hs-14,2025-07-17,1000560,-1,0,560,40,520,EXCEEDED_PARTIAL,5455652,439365,357,15930,1250,14680,9,5,True
Hs-14,2025-08-27,1000770,-1,0,770,70,700,EXCEEDED_PARTIAL,6456422,439365,357,16700,1320,15380,10,6,True
Hs-14,2025-09-10,1000140,-1,0,140,20,120,EXCEEDED_PARTIAL,7456562,439365,357,16840,1340,15500,11,7,True
Hs-14,2026-01-08,9,9,0,0,0,0,MEASURED,7456571,439374,357,16840,1340,15500,12,7,True
Hn-15,2025-01-27,61073,48376,12697,0,0,0,MEASURED,61073,48376,12697,0,0,0,1,0,False
Hn-15,2025-03-05,1012400,-1,0,12400,800,11600,EXCEEDED_PARTIAL,1073473,48376,12697,12400,800,11600,2,1,True
Hn-15,2025-03-12,1000000,-1,0,0,0,0,SATURATED_FLOOR,2073473,48376,12697,12400,800,11600,3,2,True
Hn-15,2025-03-25,1000000,-1,0,0,0,0,SATURATED_FLOOR,3073473,48376,12697,12400,800,11600,4,3,True
Hn-15,2025-04-08,1000000,-1,0,0,0,0,SATURATED_FLOOR,4073473,48376,12697,12400,800,11600,5,4,True
Hn-15,2025-04-23,1000000,-1,0,0,0,0,SATURATED_FLOOR,5073473,48376,12697,12400,800,11600,6,5,True
Hn-15,2025-05-07,1000000,-1,0,0,0,0,SATURATED_FLOOR,6073473,48376,12697,12400,800,11600,7,6,True
Hn-15,2025-05-21,1000000,-1,0,0,0,0,SATURATED_FLOOR,7073473,48376,12697,12400,800,11600,8,7,True
Hn-15,2025-06-11,1000000,-1,0,0,0,0,SATURATED_FLOOR,8073473,48376,12697,12400,800,11600,9,8,True
Hn-15,2025-07-02,1000000,-1,0,0,0,0,SATURATED_FLOOR,9073473,48376,12697,12400,800,11600,10,9,True
Hn-15,2025-07-17,1000000,-1,0,0,0,0,SATURATED_FLOOR,10073473,48376,12697,12400,800,11600,11,10,True
Hn-15,2025-08-27,1000000,-1,0,0,0,0,SATURATED_FLOOR,11073473,48376,12697,12400,800,11600,12,11,True
Hn-15,2025-09-10,1000000,-1,0,0,0,0,SATURATED_FLOOR,12073473,48376,12697,12400,800,11600,13,12,True
Hn-15,2026-01-12,30,30,0,0,0,0,MEASURED,12073503,48406,12697,12400,800,11600,14,12,True
Hs-15,2025-01-27,82273,51984,30189,100,0,100,MEASURED,82273,51984,30189,100,0,100,1,0,False
Hs-15,2025-02-18,1019510,-1,0,19510,960,18550,EXCEEDED_PARTIAL,1101783,51984,30189,19610,960,18650,2,1,True
Hs-15,2025-03-05,1012680,-1,0,12680,710,11970,EXCEEDED_PARTIAL,2114463,51984,30189,32290,1670,30620,3,2,True
Hs-15,2025-03-12,1000000,-1,0,0,0,0,SATURATED_FLOOR,3114463,51984,30189,32290,1670,30620,4,3,True
Hs-15,2025-03-25,1000000,-1,0,0,0,0,SATURATED_FLOOR,4114463,51984,30189,32290,1670,30620,5,4,True
Hs-15,2025-04-08,1000000,-1,0,0,0,0,SATURATED_FLOOR,5114463,51984,30189,32290,1670,30620,6,5,True
Hs-15,2025-04-23,1000000,-1,0,0,0,0,SATURATED_FLOOR,6114463,51984,30189,32290,1670,30620,7,6,True
Hs-15,2025-05-07,1000000,-1,0,0,0,0,SATURATED_FLOOR,7114463,51984,30189,32290,1670,30620,8,7,True
Hs-15,2025-05-21,1000000,-1,0,0,0,0,SATURATED_FLOOR,8114463,51984,30189,32290,1670,30620,9,8,True
Hs-15,2025-06-11,1000000,-1,0,0,0,0,SATURATED_FLOOR,9114463,51984,30189,32290,1670,30620,10,9,True
Hs-15,2025-07-02,1000000,-1,0,0,0,0,SATURATED_FLOOR,10114463,51984,30189,32290,1670,30620,11,10,True
Hs-15,2025-07-17,1000000,-1,0,0,0,0,SATURATED_FLOOR,11114463,51984,30189,32290,1670,30620,12,11,True
Hs-15,2025-08-27,1000000,-1,0,0,0,0,SATURATED_FLOOR,12114463,51984,30189,32290,1670,30620,13,12,True
Hs-15,2025-09-10,1000000,-1,0,0,0,0,SATURATED_FLOOR,13114463,51984,30189,32290,1670,30620,14,13,True
Hs-15,2026-01-12,63,63,0,0,0,0,MEASURED,13114526,52047,30189,32290,1670,30620,15,13,True
Hn-16,2025-03-12,965,262,703,0,0,0,MEASURED,965,262,703,0,0,0,1,0,False
Hn-16,2025-03-25,205639,202289,0,3350,220,3130,MEASURED,206604,202551,703,3350,220,3130,2,0,False
Hn-16,2025-04-08,67317,65177,0,2140,160,1980,MEASURED,273921,267728,703,5490,380,5110,3,0,False
Hn-16,2025-04-23,744,744,0,0,0,0,MEASURED,274665,268472,703,5490,380,5110,4,0,False
Hn-16,2025-05-07,542,542,0,0,0,0,MEASURED,275207,269014,703,5490,380,5110,5,0,False
Hn-16,2025-05-21,15726,15556,0,170,20,150,MEASURED,290933,284570,703,5660,400,5260,6,0,False
Hn-16,2025-06-17,558651,552551,0,6100,340,5630,MEASURED,849584,837121,703,11760,740,10890,7,0,False
Hn-16,2025-07-02,166354,163894,0,2460,130,2330,MEASURED,1015938,1001015,703,14220,870,13220,8,0,False
Hn-16,2025-07-30,779345,772425,0,6920,490,6430,MEASURED,1795283,1773440,703,21140,1360,19650,9,0,False
Hn-16,2025-08-27,141891,140951,0,940,70,870,MEASURED,1937174,1914391,703,22080,1430,20520,10,0,False
Hn-16,2025-09-10,16973,16923,0,50,0,50,MEASURED,1954147,1931314,703,22130,1430,20570,11,0,False
Hn-16,2026-01-08,15,15,0,0,0,0,MEASURED,1954162,1931329,703,22130,1430,20570,12,0,False
Hs-16,2025-03-12,5972,5552,0,420,30,390,MEASURED,5972,5552,0,420,30,390,1,0,False
Hs-16,2025-03-25,156976,149096,0,7880,540,7340,MEASURED,162948,154648,0,8300,570,7730,2,0,False
Hs-16,2025-04-08,158921,151481,0,7440,510,6930,MEASURED,321869,306129,0,15740,1080,14660,3,0,False
Hs-16,2025-04-23,91290,90570,0,720,90,630,MEASURED,413159,396699,0,16460,1170,15290,4,0,False
Hs-16,2025-05-07,59011,58011,0,1000,140,860,MEASURED,472170,454710,0,17460,1310,16150,5,0,False
Hs-16,2025-05-21,757275,756455,0,820,60,760,MEASURED,1229445,1211165,0,18280,1370,16910,6,0,False
Hs-16,2025-06-11,1000870,-1,0,870,60,810,EXCEEDED_PARTIAL,2230315,1211165,0,19150,1430,17720,7,1,True
Hs-16,2025-07-02,1000530,-1,0,530,70,460,EXCEEDED_PARTIAL,3230845,1211165,0,19680,1500,18180,8,2,True
Hs-16,2025-07-17,1001140,-1,0,1140,100,1040,EXCEEDED_PARTIAL,4231985,1211165,0,20820,1600,19220,9,3,True
Hs-16,2025-08-27,1000810,-1,0,810,80,730,EXCEEDED_PARTIAL,5232795,1211165,0,21630,1680,19950,10,4,True
Hs-16,2025-09-10,1000120,-1,0,120,10,110,EXCEEDED_PARTIAL,6232915,1211165,0,21750,1690,20060,11,5,True
Hs-16,2026-01-08,0,0,0,0,0,0,MEASURED,6232915,1211165,0,21750,1690,20060,12,5,True
Hn-17,2025-03-12,229,165,64,0,0,0,MEASURED,229,165,64,0,0,0,1,0,False
Hn-17,2025-03-25,6741,4181,1380,1180,80,1100,MEASURED,6970,4346,1444,1180,80,1100,2,0,False
Hn-17,2025-04-08,58432,50292,0,8140,520,7620,MEASURED,65402,54638,1444,9320,600,8720,3,0,False
Hn-17,2025-04-23,141706,141546,0,160,10,150,MEASURED,207108,196184,1444,9480,610,8870,4,0,False
Hn-17,2025-05-07,98686,98646,0,40,0,40,MEASURED,305794,294830,1444,9520,610,8910,5,0,False
Hn-17,2025-05-21,1000210,-1,0,210,10,200,EXCEEDED_PARTIAL,1306004,294830,1444,9730,620,9110,6,1,True
Hn-17,2025-06-11,1000580,-1,0,580,50,530,EXCEEDED_PARTIAL,2306584,294830,1444,10310,670,9640,7,2,True
Hn-17,2025-07-02,1002210,-1,0,2210,150,2060,EXCEEDED_PARTIAL,3308794,294830,1444,12520,820,11700,8,3,True
Hn-17,2025-07-17,1001540,-1,0,1540,120,1420,EXCEEDED_PARTIAL,4310334,294830,1444,14060,940,13120,9,4,True
Hn-17,2025-08-27,1004010,-1,0,4010,290,3720,EXCEEDED_PARTIAL,5314344,294830,1444,18070,1230,16840,10,5,True
Hn-17,2025-09-10,1000770,-1,0,770,40,730,EXCEEDED_PARTIAL,6315114,294830,1444,18840,1270,17570,11,6,True
Hn-17,2026-01-08,0,0,0,0,0,0,MEASURED,6315114,294830,1444,18840,1270,17570,12,6,True
Hs-17,2025-03-12,158,54,104,0,0,0,MEASURED,158,54,104,0,0,0,1,0,False
Hs-17,2025-03-25,16051,11318,4163,570,40,530,MEASURED,16209,11372,4267,570,40,530,2,0,False
Hs-17,2025-04-08,170507,168277,0,2230,230,2000,MEASURED,186716,179649,4267,2800,270,2530,3,0,False
Hs-17,2025-04-23,151054,150634,0,420,30,390,MEASURED,337770,330283,4267,3220,300,2920,4,0,False
Hs-17,2025-05-07,107236,107176,0,60,0,60,MEASURED,445006,437459,4267,3280,300,2980,5,0,False
Hs-17,2025-05-21,1000220,-1,0,220,20,200,EXCEEDED_PARTIAL,1445226,437459,4267,3500,320,3180,6,1,True
Hs-17,2025-06-17,1000000,-1,0,0,0,0,SATURATED_FLOOR,2445226,437459,4267,3500,320,3180,7,2,True
Hs-17,2025-07-02,1007020,-1,0,7020,600,6420,EXCEEDED_PARTIAL,3452246,437459,4267,10520,920,9600,8,3,True
Hs-17,2025-07-30,1000000,-1,0,0,0,0,SATURATED_FLOOR,4452246,437459,4267,10520,920,9600,9,4,True
Hs-17,2025-08-27,1000000,-1,0,0,0,0,SATURATED_FLOOR,5452246,437459,4267,10520,920,9600,10,5,True
Hs-17,2025-09-10,1000000,-1,0,0,0,0,SATURATED_FLOOR,6452246,437459,4267,10520,920,9600,11,6,True
Hs-17,2026-01-12,11,11,0,0,0,0,MEASURED,6452257,437470,4267,10520,920,9600,12,6,True
Hn-18,2025-03-12,127,84,43,0,0,0,MEASURED,127,84,43,0,0,0,1,0,False
Hn-18,2025-03-25,563,198,145,220,20,200,MEASURED,690,282,188,220,20,200,2,0,False
Hn-18,2025-04-08,96636,87356,0,9280,660,8620,MEASURED,97326,87638,188,9500,680,8820,3,0,False
Hn-18,2025-04-23,189939,189859,0,80,0,80,MEASURED,287265,277497,188,9580,680,8900,4,0,False
Hn-18,2025-05-07,163833,97541,66112,180,10,170,MEASURED,451098,375038,66300,9760,690,9070,5,0,False
Hn-18,2025-05-21,1000090,-1,0,90,0,90,EXCEEDED_PARTIAL,1451188,375038,66300,9850,690,9160,6,1,True
Hn-18,2025-06-11,1000410,-1,0,410,30,380,EXCEEDED_PARTIAL,2451598,375038,66300,10260,720,9540,7,2,True
Hn-18,2025-07-02,717208,136488,579840,880,40,840,MEASURED,3168806,511526,646140,11140,760,10380,8,2,True
Hn-18,2025-07-17,1001120,-1,0,1120,80,1040,EXCEEDED_PARTIAL,4169926,511526,646140,12260,840,11420,9,3,True
Hn-18,2025-08-27,1001550,-1,0,1550,110,1440,EXCEEDED_PARTIAL,5171476,511526,646140,13810,950,12860,10,4,True
Hn-18,2025-09-10,1000100,-1,0,100,10,90,EXCEEDED_PARTIAL,6171576,511526,646140,13910,960,12950,11,5,True
Hn-18,2026-01-08,6,6,0,0,0,0,MEASURED,6171582,511532,646140,13910,960,12950,12,5,True
Hs-18,2025-01-27,3919,2879,990,50,0,50,MEASURED,3919,2879,990,50,0,50,1,0,False
Hs-18,2025-02-18,12984,7486,5228,270,10,260,MEASURED,16903,10365,6218,320,10,310,2,0,False
Hs-18,2025-03-05,112774,61140,50104,1530,110,1420,MEASURED,129677,71505,56322,1850,120,1730,3,0,False
Hs-18,2025-03-12,1000000,-1,0,0,0,0,SATURATED_FLOOR,1129677,71505,56322,1850,120,1730,4,1,True
Hs-18,2025-03-25,1000000,-1,0,0,0,0,SATURATED_FLOOR,2129677,71505,56322,1850,120,1730,5,2,True
Hs-18,2025-04-08,1000000,-1,0,0,0,0,SATURATED_FLOOR,3129677,71505,56322,1850,120,1730,6,3,True
Hs-18,2025-04-23,1000000,-1,0,0,0,0,SATURATED_FLOOR,4129677,71505,56322,1850,120,1730,7,4,True
Hs-18,2025-05-07,1000000,-1,0,0,0,0,SATURATED_FLOOR,5129677,71505,56322,1850,120,1730,8,5,True
Hs-18,2025-05-21,1000000,-1,0,0,0,0,SATURATED_FLOOR,6129677,71505,56322,1850,120,1730,9,6,True
Hs-18,2025-06-17,1000000,-1,0,0,0,0,SATURATED_FLOOR,7129677,71505,56322,1850,120,1730,10,7,True
Hs-18,2025-07-02,1000000,-1,0,0,0,0,SATURATED_FLOOR,8129677,71505,56322,1850,120,1730,11,8,True
Hs-18,2025-07-30,1000000,-1,0,0,0,0,SATURATED_FLOOR,9129677,71505,56322,1850,120,1730,12,9,True
Hs-18,2025-08-27,1000000,-1,0,0,0,0,SATURATED_FLOOR,10129677,71505,56322,1850,120,1730,13,10,True
Hs-18,2025-09-10,1000000,-1,0,0,0,0,SATURATED_FLOOR,11129677,71505,56322,1850,120,1730,14,11,True
Hs-18,2026-01-12,71,71,0,0,0,0,MEASURED,11129748,71576,56322,1850,120,1730,15,11,True
Hn-19,2025-01-27,158709,73356,85303,50,0,50,MEASURED,158709,73356,85303,50,0,50,1,0,False
Hn-19,2025-02-18,1011360,-1,0,11360,810,10550,EXCEEDED_PARTIAL,1170069,73356,85303,11410,810,10600,2,1,True
Hn-19,2025-03-05,851167,716555,129842,4770,350,4420,MEASURED,2021236,789911,215145,16180,1160,15020,3,1,True
Hn-19,2025-03-12,450046,355893,90523,3630,220,3410,MEASURED,2471282,1145804,305668,19810,1380,18430,4,1,True
Hn-19,2025-03-25,341426,259490,78276,3660,270,3390,MEASURED,2812708,1405294,383944,23470,1650,21820,5,1,True
Hn-19,2025-04-08,190282,97389,91443,1450,100,1350,MEASURED,3002990,1502683,475387,24920,1750,23170,6,1,True
Hn-19,2025-04-23,188715,87266,100619,830,90,740,MEASURED,3191705,1589949,576006,25750,1840,23910,7,1,True
Hn-19,2025-05-07,192642,79454,112298,890,60,830,MEASURED,3384347,1669403,688304,26640,1900,24740,8,1,True
Hn-19,2025-05-21,196658,96664,99024,970,60,910,MEASURED,3581005,1766067,787328,27610,1960,25650,9,1,True
Hn-19,2025-06-17,1006040,-1,0,6040,410,5630,EXCEEDED_PARTIAL,4587045,1766067,787328,33650,2370,31280,10,2,True
Hn-19,2025-07-02,502126,339387,155929,6810,440,6370,MEASURED,5089171,2105454,943257,40460,2810,37650,11,2,True
Hn-19,2025-07-30,1005200,-1,0,5200,430,4770,EXCEEDED_PARTIAL,6094371,2105454,943257,45660,3240,42420,12,3,True
Hn-19,2025-08-27,1002720,-1,0,2720,220,2500,EXCEEDED_PARTIAL,7097091,2105454,943257,48380,3460,44920,13,4,True
Hn-19,2025-09-10,114086,85022,27934,1130,60,1070,MEASURED,7211177,2190476,971191,49510,3520,45990,14,4,True
Hn-19,2026-01-12,21,21,0,0,0,0,MEASURED,7211198,2190497,971191,49510,3520,45990,15,4,True
Hn-20,2025-01-27,83,83,0,0,0,0,MEASURED,83,83,0,0,0,0,1,0,False
Hn-20,2025-02-18,1000000,-1,0,0,0,0,SATURATED_FLOOR,1000083,83,0,0,0,0,2,1,True
Hn-20,2025-03-05,1000000,-1,0,0,0,0,SATURATED_FLOOR,2000083,83,0,0,0,0,3,2,True
Hn-20,2025-03-12,1000000,-1,0,0,0,0,SATURATED_FLOOR,3000083,83,0,0,0,0,4,3,True
Hn-20,2025-03-25,1000000,-1,0,0,0,0,SATURATED_FLOOR,4000083,83,0,0,0,0,5,4,True
Hn-20,2025-04-08,1000000,-1,0,0,0,0,SATURATED_FLOOR,5000083,83,0,0,0,0,6,5,True
Hn-20,2025-04-23,1000000,-1,0,0,0,0,SATURATED_FLOOR,6000083,83,0,0,0,0,7,6,True
Hn-20,2025-05-07,1000000,-1,0,0,0,0,SATURATED_FLOOR,7000083,83,0,0,0,0,8,7,True
Hn-20,2025-05-21,1000000,-1,0,0,0,0,SATURATED_FLOOR,8000083,83,0,0,0,0,9,8,True
Hn-20,2025-06-11,1000000,-1,0,0,0,0,SATURATED_FLOOR,9000083,83,0,0,0,0,10,9,True
Hn-20,2025-07-02,1000000,-1,0,0,0,0,SATURATED_FLOOR,10000083,83,0,0,0,0,11,10,True
Hn-20,2025-07-17,1000000,-1,0,0,0,0,SATURATED_FLOOR,11000083,83,0,0,0,0,12,11,True
Hn-20,2025-08-27,1000000,-1,0,0,0,0,SATURATED_FLOOR,12000083,83,0,0,0,0,13,12,True
Hn-20,2025-09-10,1015640,-1,0,15640,900,14740,EXCEEDED_PARTIAL,13015723,83,0,15640,900,14740,14,13,True
Hn-20,2026-01-12,24,24,0,0,0,0,MEASURED,13015747,107,0,15640,900,14740,15,13,True
Hs-20,2025-03-12,2112,1294,408,410,30,380,MEASURED,2112,1294,408,410,30,380,1,0,False
Hs-20,2025-03-25,200306,154358,38178,7770,710,7060,MEASURED,202418,155652,38586,8180,740,7440,2,0,False
Hs-20,2025-04-08,509803,509803,0,0,0,0,MEASURED,712221,665455,38586,8180,740,7440,3,0,False
Hs-20,2025-04-23,118137,117207,0,930,80,850,MEASURED,830358,782662,38586,9110,820,8290,4,0,False
Hs-20,2025-05-07,97691,96461,0,1230,150,1080,MEASURED,928049,879123,38586,10340,970,9370,5,0,False
Hs-20,2025-05-21,1000790,-1,0,790,70,720,EXCEEDED_PARTIAL,1928839,879123,38586,11130,1040,10090,6,1,True
Hs-20,2025-06-11,1000950,-1,0,950,70,880,EXCEEDED_PARTIAL,2929789,879123,38586,12080,1110,10970,7,2,True
Hs-20,2025-07-02,1000850,-1,0,850,80,770,EXCEEDED_PARTIAL,3930639,879123,38586,12930,1190,11740,8,3,True
Hs-20,2025-07-17,1001150,-1,0,1150,70,1080,EXCEEDED_PARTIAL,4931789,879123,38586,14080,1260,12820,9,4,True
Hs-20,2025-08-27,1000650,-1,0,650,80,570,EXCEEDED_PARTIAL,5932439,879123,38586,14730,1340,13390,10,5,True
Hs-20,2025-09-10,1000120,-1,0,120,10,110,EXCEEDED_PARTIAL,6932559,879123,38586,14850,1350,13500,11,6,True
Hs-20,2026-01-08,9,9,0,0,0,0,MEASURED,6932568,879132,38586,14850,1350,13500,12,6,True
Hn-37,2025-03-12,191,142,49,0,0,0,MEASURED,191,142,49,0,0,0,1,0,False
Hn-37,2025-03-25,127134,28423,96081,2630,200,2430,MEASURED,127325,28565,96130,2630,200,2430,2,0,False
Hn-37,2025-04-08,251734,170491,75293,5950,520,5430,MEASURED,379059,199056,171423,8580,720,7860,3,0,False
Hn-37,2025-04-23,664,664,0,0,0,0,MEASURED,379723,199720,171423,8580,720,7860,4,0,False
Hn-37,2025-05-07,661,548,113,0,0,0,MEASURED,380384,200268,171536,8580,720,7860,5,0,False
Hn-37,2025-05-21,10087,7464,2463,160,20,140,MEASURED,390471,207732,173999,8740,740,8000,6,0,False
Hn-37,2025-06-17,191742,36924,148538,6280,450,5830,MEASURED,582213,244656,322537,15020,1190,13830,7,0,False
Hn-37,2025-07-02,74626,29816,43350,1460,130,1330,MEASURED,656839,274472,365887,16480,1320,15160,8,0,False
Hn-37,2025-07-30,284422,58408,220584,5430,410,5020,MEASURED,941261,332880,586471,21910,1730,20180,9,0,False
Hn-37,2025-08-27,72804,51996,19698,1110,80,1030,MEASURED,1014065,384876,606169,23020,1810,21210,10,0,False
Hn-37,2025-09-10,17653,17613,0,40,0,40,MEASURED,1031718,402489,606169,23060,1810,21250,11,0,False
Hn-37,2026-01-08,10,10,0,0,0,0,MEASURED,1031728,402499,606169,23060,1810,21250,12,0,False
Hn-39,2025-03-12,445,201,244,0,0,0,MEASURED,445,201,244,0,0,0,1,0,False
Hn-39,2025-03-25,2966,1420,926,620,30,590,MEASURED,3411,1621,1170,620,30,590,2,0,False
Hn-39,2025-04-08,22689,18009,0,4680,250,4430,MEASURED,26100,19630,1170,5300,280,5020,3,0,False
Hn-39,2025-04-23,79665,79115,0,550,30,520,MEASURED,105765,98745,1170,5850,310,5540,4,0,False
Hn-39,2025-05-07,47775,47775,0,0,0,0,MEASURED,153540,146520,1170,5850,310,5540,5,0,False
Hn-39,2025-05-21,559146,558626,0,520,30,490,MEASURED,712686,705146,1170,6370,340,6030,6,0,False
Hn-39,2025-06-11,1002370,-1,0,2370,150,2220,EXCEEDED_PARTIAL,1715056,705146,1170,8740,490,8250,7,1,True
Hn-39,2025-07-02,1003940,-1,0,3940,250,3690,EXCEEDED_PARTIAL,2718996,705146,1170,12680,740,11940,8,2,True
Hn-39,2025-07-17,1003460,-1,0,3460,410,3050,EXCEEDED_PARTIAL,3722456,705146,1170,16140,1150,14990,9,3,True
Hn-39,2025-08-27,1006080,-1,0,6080,440,5640,EXCEEDED_PARTIAL,4728536,705146,1170,22220,1590,20630,10,4,True
Hn-39,2025-09-10,1000650,-1,0,650,40,610,EXCEEDED_PARTIAL,5729186,705146,1170,22870,1630,21240,11,5,True
Hn-39,2026-01-08,7,7,0,0,0,0,MEASURED,5729193,705153,1170,22870,1630,21240,12,5,True
Y-1,2024-05-06,0,0,0,0,0,0,NO_MATCH,0,0,0,0,0,0,1,0,False
Y-1,2024-06-24,0,0,0,0,0,0,NO_MATCH,0,0,0,0,0,0,2,0,False
Y-1,2024-07-29,0,0,0,0,0,0,NO_MATCH,0,0,0,0,0,0,3,0,False
Y-1,2025-01-27,1801,1445,356,0,0,0,MEASURED,1801,1445,356,0,0,0,4,0,False
Y-1,2025-02-18,26060,20361,5499,200,10,190,MEASURED,27861,21806,5855,200,10,190,5,0,False
Y-1,2025-03-05,121133,95753,23750,1630,110,1520,MEASURED,148994,117559,29605,1830,120,1710,6,0,False
Y-1,2025-03-12,1000000,-1,0,0,0,0,SATURATED_FLOOR,1148994,117559,29605,1830,120,1710,7,1,True
Y-1,2025-03-25,1000000,-1,0,0,0,0,SATURATED_FLOOR,2148994,117559,29605,1830,120,1710,8,2,True
Y-1,2025-04-08,1000000,-1,0,0,0,0,SATURATED_FLOOR,3148994,117559,29605,1830,120,1710,9,3,True
Y-1,2025-04-23,1000000,-1,0,0,0,0,SATURATED_FLOOR,4148994,117559,29605,1830,120,1710,10,4,True
Y-1,2025-05-07,1000000,-1,0,0,0,0,SATURATED_FLOOR,5148994,117559,29605,1830,120,1710,11,5,True
Y-1,2025-05-21,1000000,-1,0,0,0,0,SATURATED_FLOOR,6148994,117559,29605,1830,120,1710,12,6,True
Y-1,2025-06-17,1000000,-1,0,0,0,0,SATURATED_FLOOR,7148994,117559,29605,1830,120,1710,13,7,True
Y-1,2025-07-02,1000000,-1,0,0,0,0,SATURATED_FLOOR,8148994,117559,29605,1830,120,1710,14,8,True
Y-1,2025-07-30,1000000,-1,0,0,0,0,SATURATED_FLOOR,9148994,117559,29605,1830,120,1710,15,9,True
Y-1,2025-08-27,1000000,-1,0,0,0,0,SATURATED_FLOOR,10148994,117559,29605,1830,120,1710,16,10,True
Y-1,2025-09-10,1000000,-1,0,0,0,0,SATURATED_FLOOR,11148994,117559,29605,1830,120,1710,17,11,True
Y-1,2026-01-12,40,40,0,0,0,0,MEASURED,11149034,117599,29605,1830,120,1710,18,11,True
Y-3,2025-03-12,1492,1078,414,0,0,0,MEASURED,1492,1078,414,0,0,0,1,0,False
Y-3,2025-03-25,442351,438571,0,3780,330,3450,MEASURED,443843,439649,414,3780,330,3450,2,0,False
Y-3,2025-04-08,83982,81902,0,2080,160,1920,MEASURED,527825,521551,414,5860,490,5370,3,0,False
Y-3,2025-04-23,770,770,0,0,0,0,MEASURED,528595,522321,414,5860,490,5370,4,0,False
Y-3,2025-05-07,699,699,0,0,0,0,MEASURED,529294,523020,414,5860,490,5370,5,0,False
Y-3,2025-05-21,25231,25011,0,220,20,200,MEASURED,554525,548031,414,6080,510,5570,6,0,False
Y-3,2025-06-17,708793,703373,0,5420,470,4950,MEASURED,1263318,1251404,414,11500,980,10520,7,0,False
Y-3,2025-07-02,260251,258601,0,1650,110,1540,MEASURED,1523569,1510005,414,13150,1090,12060,8,0,False
Y-3,2025-07-30,1007420,-1,0,7420,530,6890,EXCEEDED_PARTIAL,2530989,1510005,414,20570,1620,18950,9,1,True
Y-3,2025-08-27,201072,199902,0,1170,90,1080,MEASURED,2732061,1709907,414,21740,1710,20030,10,1,True
Y-3,2025-09-10,18497,18467,0,30,0,30,MEASURED,2750558,1728374,414,21770,1710,20060,11,1,True
Y-3,2026-01-08,10,10,0,0,0,0,MEASURED,2750568,1728384,414,21770,1710,20060,12,1,True
Y-4,2025-01-27,218,218,0,0,0,0,MEASURED,218,218,0,0,0,0,1,0,False
Y-4,2025-02-18,109396,30525,66621,12250,760,11490,MEASURED,109614,30743,66621,12250,760,11490,2,0,False
Y-4,2025-03-05,5072,1882,2510,680,40,640,MEASURED,114686,32625,69131,12930,800,12130,3,0,False
Y-4,2025-03-12,18039,12160,4659,1220,80,1140,MEASURED,132725,44785,73790,14150,880,13270,4,0,False
Y-4,2025-03-25,36870,26659,7251,2960,230,2730,MEASURED,169595,71444,81041,17110,1110,16000,5,0,False
Y-4,2025-04-08,141509,48902,76477,16130,1040,15090,MEASURED,311104,120346,157518,33240,2150,31090,6,0,False
Y-4,2025-04-23,22628,13957,7231,1440,120,1320,MEASURED,333732,134303,164749,34680,2270,32410,7,0,False
Y-4,2025-05-07,34755,32685,0,2070,120,1950,MEASURED,368487,166988,164749,36750,2390,34360,8,0,False
Y-4,2025-05-21,40163,31783,6770,1610,110,1500,MEASURED,408650,198771,171519,38360,2500,35860,9,0,False
Y-4,2025-06-11,77354,75024,0,2330,160,2170,MEASURED,486004,273795,171519,40690,2660,38030,10,0,False
Y-4,2025-07-02,87653,84653,0,3000,170,2830,MEASURED,573657,358448,171519,43690,2830,40860,11,0,False
Y-4,2025-07-17,66679,51213,12366,3100,140,2960,MEASURED,640336,409661,183885,46790,2970,43820,12,0,False
Y-4,2025-08-27,234105,228245,0,5860,400,5460,MEASURED,874441,637906,183885,52650,3370,49280,13,0,False
Y-4,2025-09-10,39332,37812,0,1520,90,1430,MEASURED,913773,675718,183885,54170,3460,50710,14,0,False
Y-4,2026-01-12,28,28,0,0,0,0,MEASURED,913801,675746,183885,54170,3460,50710,15,0,False
Y-5,2025-01-27,208565,113615,94910,40,0,40,MEASURED,208565,113615,94910,40,0,40,1,0,False
Y-5,2025-02-18,1008990,-1,0,8990,770,8220,EXCEEDED_PARTIAL,1217555,113615,94910,9030,770,8260,2,1,True
Y-5,2025-03-05,1006310,-1,0,6310,420,5890,EXCEEDED_PARTIAL,2223865,113615,94910,15340,1190,14150,3,2,True
Y-5,2025-03-12,503507,319505,178292,5710,430,5280,MEASURED,2727372,433120,273202,21050,1620,19430,4,2,True
Y-5,2025-03-25,409756,229066,176680,4010,220,3790,MEASURED,3137128,662186,449882,25060,1840,23220,5,2,True
Y-5,2025-04-08,263540,7659,254331,1550,120,1430,MEASURED,3400668,669845,704213,26610,1960,24650,6,2,True
Y-5,2025-04-23,261672,70904,189828,940,70,870,MEASURED,3662340,740749,894041,27550,2030,25520,7,2,True
Y-5,2025-05-07,280976,86489,193617,870,70,800,MEASURED,3943316,827238,1087658,28420,2100,26320,8,2,True
Y-5,2025-05-21,272547,113252,158335,960,70,890,MEASURED,4215863,940490,1245993,29380,2170,27210,9,2,True
Y-5,2025-06-17,1005370,-1,0,5370,380,4990,EXCEEDED_PARTIAL,5221233,940490,1245993,34750,2550,32200,10,3,True
Y-5,2025-07-02,1008280,-1,0,8280,450,7830,EXCEEDED_PARTIAL,6229513,940490,1245993,43030,3000,40030,11,4,True
Y-5,2025-07-30,1007990,-1,0,7990,470,7520,EXCEEDED_PARTIAL,7237503,940490,1245993,51020,3470,47550,12,5,True
Y-5,2025-08-27,1003300,-1,0,3300,220,3080,EXCEEDED_PARTIAL,8240803,940490,1245993,54320,3690,50630,13,6,True
Y-5,2025-09-10,227779,150080,76479,1220,90,1130,MEASURED,8468582,1090570,1322472,55540,3780,51760,14,6,True
Y-5,2026-01-12,26,26,0,0,0,0,MEASURED,8468608,1090596,1322472,55540,3780,51760,15,6,True
Y-6,2025-03-12,437,279,158,0,0,0,MEASURED,437,279,158,0,0,0,1,0,False
Y-6,2025-03-25,2838,1901,607,330,20,310,MEASURED,3275,2180,765,330,20,310,2,0,False
Y-6,2025-04-08,20404,17624,0,2780,190,2590,MEASURED,23679,19804,765,3110,210,2900,3,0,False
Y-6,2025-04-23,109590,109380,0,210,10,200,MEASURED,133269,129184,765,3320,220,3100,4,0,False
Y-6,2025-05-07,72094,72074,0,20,0,20,MEASURED,205363,201258,765,3340,220,3120,5,0,False
Y-6,2025-05-21,909905,909665,0,240,20,220,MEASURED,1115268,1110923,765,3580,240,3340,6,0,False
Y-6,2025-06-11,1001100,-1,0,1100,70,1030,EXCEEDED_PARTIAL,2116368,1110923,765,4680,310,4370,7,1,True
Y-6,2025-07-02,1001410,-1,0,1410,90,1320,EXCEEDED_PARTIAL,3117778,1110923,765,6090,400,5690,8,2,True
Y-6,2025-07-17,1003410,-1,0,3410,210,3200,EXCEEDED_PARTIAL,4121188,1110923,765,9500,610,8890,9,3,True
Y-6,2025-08-27,1003700,-1,0,3700,240,3460,EXCEEDED_PARTIAL,5124888,1110923,765,13200,850,12350,10,4,True
Y-6,2025-09-10,1000290,-1,0,290,20,270,EXCEEDED_PARTIAL,6125178,1110923,765,13490,870,12620,11,5,True
Y-6,2026-01-08,8,8,0,0,0,0,MEASURED,6125186,1110931,765,13490,870,12620,12,5,True
Y-7,2025-03-12,4134,2039,1395,700,40,660,MEASURED,4134,2039,1395,700,40,660,1,0,False
Y-7,2025-03-25,148176,143726,0,4450,330,4120,MEASURED,152310,145765,1395,5150,370,4780,2,0,False
Y-7,2025-04-08,209077,199197,0,9880,700,9180,MEASURED,361387,344962,1395,15030,1070,13960,3,0,False
Y-7,2025-04-23,118657,118037,0,620,90,530,MEASURED,480044,462999,1395,15650,1160,14490,4,0,False
Y-7,2025-05-07,85465,84625,0,840,110,730,MEASURED,565509,547624,1395,16490,1270,15220,5,0,False
Y-7,2025-05-21,979800,979120,0,680,80,600,MEASURED,1545309,1526744,1395,17170,1350,15820,6,0,False
Y-7,2025-06-11,1000590,-1,0,590,50,540,EXCEEDED_PARTIAL,2545899,1526744,1395,17760,1400,16360,7,1,True
Y-7,2025-07-02,1000670,-1,0,670,90,580,EXCEEDED_PARTIAL,3546569,1526744,1395,18430,1490,16940,8,2,True
Y-7,2025-07-17,1000640,-1,0,640,50,590,EXCEEDED_PARTIAL,4547209,1526744,1395,19070,1540,17530,9,3,True
Y-7,2025-08-27,1000670,-1,0,670,70,600,EXCEEDED_PARTIAL,5547879,1526744,1395,19740,1610,18130,10,4,True
Y-7,2025-09-10,1000060,-1,0,60,10,50,EXCEEDED_PARTIAL,6547939,1526744,1395,19800,1620,18180,11,5,True
Y-7,2026-01-08,0,0,0,0,0,0,MEASURED,6547939,1526744,1395,19800,1620,18180,12,5,True
Y-9,2025-03-12,1846,974,572,300,20,280,MEASURED,1846,974,572,300,20,280,1,0,False
Y-9,2025-03-25,51775,24908,22057,4810,330,4480,MEASURED,53621,25882,22629,5110,350,4760,2,0,False
Y-9,2025-04-08,1000000,-1,0,0,0,0,SATURATED_FLOOR,1053621,25882,22629,5110,350,4760,3,1,True
Y-9,2025-04-23,307590,306710,0,880,100,780,MEASURED,1361211,332592,22629,5990,450,5540,4,1,True
Y-9,2025-05-07,169437,168697,0,740,130,610,MEASURED,1530648,501289,22629,6730,580,6150,5,1,True
Y-9,2025-05-21,1000780,-1,0,780,90,690,EXCEEDED_PARTIAL,2531428,501289,22629,7510,670,6840,6,2,True
Y-9,2025-06-11,1000730,-1,0,730,50,680,EXCEEDED_PARTIAL,3532158,501289,22629,8240,720,7520,7,3,True
Y-9,2025-07-02,1000770,-1,0,770,50,720,EXCEEDED_PARTIAL,4532928,501289,22629,9010,770,8240,8,4,True
Y-9,2025-07-17,1000450,-1,0,450,60,390,EXCEEDED_PARTIAL,5533378,501289,22629,9460,830,8630,9,5,True
Y-9,2025-08-27,1000490,-1,0,490,30,460,EXCEEDED_PARTIAL,6533868,501289,22629,9950,860,9090,10,6,True
Y-9,2025-09-10,1000180,-1,0,180,20,160,EXCEEDED_PARTIAL,7534048,501289,22629,10130,880,9250,11,7,True
Y-9,2026-01-08,11,11,0,0,0,0,MEASURED,7534059,501300,22629,10130,880,9250,12,7,True
Y-10,2025-03-12,150,84,66,0,0,0,MEASURED,150,84,66,0,0,0,1,0,False
Y-10,2025-03-25,7913,3605,3898,410,40,370,MEASURED,8063,3689,3964,410,40,370,2,0,False
Y-10,2025-04-08,84167,56299,26468,1400,120,1280,MEASURED,92230,59988,30432,1810,160,1650,3,0,False
Y-10,2025-04-23,261390,261190,0,200,20,180,MEASURED,353620,321178,30432,2010,180,1830,4,0,False
Y-10,2025-05-07,201381,201301,0,80,0,80,MEASURED,555001,522479,30432,2090,180,1910,5,0,False
Y-10,2025-05-21,1000070,-1,0,70,10,60,EXCEEDED_PARTIAL,1555071,522479,30432,2160,190,1970,6,1,True
Y-10,2025-06-17,1000000,-1,0,0,0,0,SATURATED_FLOOR,2555071,522479,30432,2160,190,1970,7,2,True
Y-10,2025-07-02,1002920,-1,0,2920,220,2700,EXCEEDED_PARTIAL,3557991,522479,30432,5080,410,4670,8,3,True
Y-10,2025-07-30,1008550,-1,0,8550,560,7990,EXCEEDED_PARTIAL,4566541,522479,30432,13630,970,12660,9,4,True
Y-10,2025-08-27,1000000,-1,0,0,0,0,SATURATED_FLOOR,5566541,522479,30432,13630,970,12660,10,5,True
Y-10,2025-09-10,1000000,-1,0,0,0,0,SATURATED_FLOOR,6566541,522479,30432,13630,970,12660,11,6,True
Y-10,2026-01-12,9,9,0,0,0,0,MEASURED,6566550,522488,30432,13630,970,12660,12,6,True
Y-11,2025-03-12,82,48,34,0,0,0,MEASURED,82,48,34,0,0,0,1,0,False
Y-11,2025-03-25,3275,1893,992,390,30,360,MEASURED,3357,1941,1026,390,30,360,2,0,False
Y-11,2025-04-08,43723,33983,8740,1000,80,920,MEASURED,47080,35924,9766,1390,110,1280,3,0,False
Y-11,2025-04-23,252657,252487,0,170,10,160,MEASURED,299737,288411,9766,1560,120,1440,4,0,False
Y-11,2025-05-07,225546,225546,0,0,0,0,MEASURED,525283,513957,9766,1560,120,1440,5,0,False
Y-11,2025-05-21,1000080,-1,0,80,0,80,EXCEEDED_PARTIAL,1525363,513957,9766,1640,120,1520,6,1,True
Y-11,2025-06-17,1008370,-1,0,8370,720,7650,EXCEEDED_PARTIAL,2533733,513957,9766,10010,840,9170,7,2,True
Y-11,2025-07-02,1003290,-1,0,3290,230,3060,EXCEEDED_PARTIAL,3537023,513957,9766,13300,1070,12230,8,3,True
Y-11,2025-07-30,1007900,-1,0,7900,630,7270,EXCEEDED_PARTIAL,4544923,513957,9766,21200,1700,19500,9,4,True
Y-11,2025-08-27,1000000,-1,0,0,0,0,SATURATED_FLOOR,5544923,513957,9766,21200,1700,19500,10,5,True
Y-11,2025-09-10,1000000,-1,0,0,0,0,SATURATED_FLOOR,6544923,513957,9766,21200,1700,19500,11,6,True
Y-11,2026-01-12,0,0,0,0,0,0,MEASURED,6544923,513957,9766,21200,1700,19500,12,6,True
Y-12,2025-01-27,0,0,0,0,0,0,MEASURED,0,0,0,0,0,0,1,0,False
Y-12,2025-02-18,584,214,0,370,80,290,MEASURED,584,214,0,370,80,290,2,0,False
Y-12,2025-03-05,45,45,0,0,0,0,MEASURED,629,259,0,370,80,290,3,0,False
Y-12,2025-03-12,1445,315,0,1130,100,1030,MEASURED,2074,574,0,1500,180,1320,4,0,False
Y-12,2025-03-25,10155,2605,0,7550,500,7050,MEASURED,12229,3179,0,9050,680,8370,5,0,False
Y-12,2025-04-08,6224,6224,0,0,0,0,MEASURED,18453,9403,0,9050,680,8370,6,0,False
Y-12,2025-04-23,4826,866,0,3960,290,3670,MEASURED,23279,10269,0,13010,970,12040,7,0,False
Y-12,2025-05-07,6643,1333,0,5310,320,4990,MEASURED,29922,11602,0,18320,1290,17030,8,0,False
Y-12,2025-05-21,6852,1912,0,4940,390,4550,MEASURED,36774,13514,0,23260,1680,21580,9,0,False
Y-12,2025-06-11,4228,2618,0,1610,150,1460,MEASURED,41002,16132,0,24870,1830,23040,10,0,False
Y-12,2025-07-02,3711,3091,0,620,50,570,MEASURED,44713,19223,0,25490,1880,23610,11,0,False
Y-12,2025-07-17,3672,2442,0,1230,100,1130,MEASURED,48385,21665,0,26720,1980,24740,12,0,False
Y-12,2025-08-27,9831,8261,0,1570,120,1450,MEASURED,58216,29926,0,28290,2100,26190,13,0,False
Y-12,2025-09-10,1452,1312,0,140,20,120,MEASURED,59668,31238,0,28430,2120,26310,14,0,False
Y-12,2026-01-12,13,13,0,0,0,0,MEASURED,59681,31251,0,28430,2120,26310,15,0,False
Y-13,2025-03-12,865,865,0,0,0,0,MEASURED,865,865,0,0,0,0,1,0,False
Y-13,2025-03-25,13999,13609,0,390,30,360,MEASURED,14864,14474,0,390,30,360,2,0,False
Y-13,2025-04-08,39403,37813,0,1590,140,1450,MEASURED,54267,52287,0,1980,170,1810,3,0,False
Y-13,2025-04-23,15939,15719,0,220,20,200,MEASURED,70206,68006,0,2200,190,2010,4,0,False
Y-13,2025-05-07,7158,7128,0,30,0,30,MEASURED,77364,75134,0,2230,190,2040,5,0,False
Y-13,2025-05-21,52666,52576,0,90,10,80,MEASURED,130030,127710,0,2320,200,2120,6,0,False
Y-13,2025-06-17,832568,825978,0,6590,420,6170,MEASURED,962598,953688,0,8910,620,8290,7,0,False
Y-13,2025-07-02,416317,410267,0,6050,470,5580,MEASURED,1378915,1363955,0,14960,1090,13870,8,0,False
Y-13,2025-07-30,948832,939752,0,9080,940,8140,MEASURED,2327747,2303707,0,24040,2030,22010,9,0,False
Y-13,2025-08-27,571245,571245,0,0,0,0,MEASURED,2898992,2874952,0,24040,2030,22010,10,0,False
Y-13,2025-09-10,123400,123400,0,0,0,0,MEASURED,3022392,2998352,0,24040,2030,22010,11,0,False
Y-13,2026-01-12,7,7,0,0,0,0,MEASURED,3022399,2998359,0,24040,2030,22010,12,0,False
Y-15,2025-03-12,7011,7011,0,0,0,0,MEASURED,7011,7011,0,0,0,0,1,0,False
Y-15,2025-03-25,124159,121169,0,2990,240,2750,MEASURED,131170,128180,0,2990,240,2750,2,0,False
Y-15,2025-04-08,46895,45025,0,1870,170,1700,MEASURED,178065,173205,0,4860,410,4450,3,0,False
Y-15,2025-04-23,875,875,0,0,0,0,MEASURED,178940,174080,0,4860,410,4450,4,0,False
Y-15,2025-05-07,750,750,0,0,0,0,MEASURED,179690,174830,0,4860,410,4450,5,0,False
Y-15,2025-05-21,15254,15034,0,220,20,200,MEASURED,194944,189864,0,5080,430,4650,6,0,False
Y-15,2025-06-17,313857,308707,0,5150,400,4750,MEASURED,508801,498571,0,10230,830,9400,7,0,False
Y-15,2025-07-02,125788,123558,0,2230,140,2090,MEASURED,634589,622129,0,12460,970,11490,8,0,False
Y-15,2025-07-30,420037,414067,0,5970,520,5450,MEASURED,1054626,1036196,0,18430,1490,16940,9,0,False
Y-15,2025-08-27,122882,121822,0,1060,80,980,MEASURED,1177508,1158018,0,19490,1570,17920,10,0,False
Y-15,2025-09-10,15996,15966,0,30,0,30,MEASURED,1193504,1173984,0,19520,1570,17950,11,0,False
Y-15,2026-01-08,6,6,0,0,0,0,MEASURED,1193510,1173990,0,19520,1570,17950,12,0,False
Y-16,2025-01-27,115666,50647,64919,100,0,100,MEASURED,115666,50647,64919,100,0,100,1,0,False
Y-16,2025-02-18,1014800,-1,0,14800,980,13820,EXCEEDED_PARTIAL,1130466,50647,64919,14900,980,13920,2,1,True
Y-16,2025-03-05,1013070,-1,0,13070,960,12110,EXCEEDED_PARTIAL,2143536,50647,64919,27970,1940,26030,3,2,True
Y-16,2025-03-12,1000000,-1,0,0,0,0,SATURATED_FLOOR,3143536,50647,64919,27970,1940,26030,4,3,True
Y-16,2025-03-25,1000000,-1,0,0,0,0,SATURATED_FLOOR,4143536,50647,64919,27970,1940,26030,5,4,True
Y-16,2025-04-08,1000000,-1,0,0,0,0,SATURATED_FLOOR,5143536,50647,64919,27970,1940,26030,6,5,True
Y-16,2025-04-23,1000000,-1,0,0,0,0,SATURATED_FLOOR,6143536,50647,64919,27970,1940,26030,7,6,True
Y-16,2025-05-07,1000000,-1,0,0,0,0,SATURATED_FLOOR,7143536,50647,64919,27970,1940,26030,8,7,True
Y-16,2025-05-21,1000000,-1,0,0,0,0,SATURATED_FLOOR,8143536,50647,64919,27970,1940,26030,9,8,True
Y-16,2025-06-11,1000000,-1,0,0,0,0,SATURATED_FLOOR,9143536,50647,64919,27970,1940,26030,10,9,True
Y-16,2025-07-02,1000000,-1,0,0,0,0,SATURATED_FLOOR,10143536,50647,64919,27970,1940,26030,11,10,True
Y-16,2025-07-17,1000000,-1,0,0,0,0,SATURATED_FLOOR,11143536,50647,64919,27970,1940,26030,12,11,True
Y-16,2025-08-27,1000000,-1,0,0,0,0,SATURATED_FLOOR,12143536,50647,64919,27970,1940,26030,13,12,True
Y-16,2025-09-10,1000000,-1,0,0,0,0,SATURATED_FLOOR,13143536,50647,64919,27970,1940,26030,14,13,True
Y-16,2026-01-12,62,62,0,0,0,0,MEASURED,13143598,50709,64919,27970,1940,26030,15,13,True
Y-17,2025-01-27,88,88,0,0,0,0,MEASURED,88,88,0,0,0,0,1,0,False
Y-17,2025-02-18,1000000,-1,0,0,0,0,SATURATED_FLOOR,1000088,88,0,0,0,0,2,1,True
Y-17,2025-03-05,1000000,-1,0,0,0,0,SATURATED_FLOOR,2000088,88,0,0,0,0,3,2,True
Y-17,2025-03-12,1000000,-1,0,0,0,0,SATURATED_FLOOR,3000088,88,0,0,0,0,4,3,True
Y-17,2025-03-25,1000000,-1,0,0,0,0,SATURATED_FLOOR,4000088,88,0,0,0,0,5,4,True
Y-17,2025-04-08,1000000,-1,0,0,0,0,SATURATED_FLOOR,5000088,88,0,0,0,0,6,5,True
Y-17,2025-04-23,1000000,-1,0,0,0,0,SATURATED_FLOOR,6000088,88,0,0,0,0,7,6,True
Y-17,2025-05-07,1000000,-1,0,0,0,0,SATURATED_FLOOR,7000088,88,0,0,0,0,8,7,True
Y-17,2025-05-21,1000000,-1,0,0,0,0,SATURATED_FLOOR,8000088,88,0,0,0,0,9,8,True
Y-17,2025-06-11,1000000,-1,0,0,0,0,SATURATED_FLOOR,9000088,88,0,0,0,0,10,9,True
Y-17,2025-07-02,1000000,-1,0,0,0,0,SATURATED_FLOOR,10000088,88,0,0,0,0,11,10,True
Y-17,2025-07-17,1000000,-1,0,0,0,0,SATURATED_FLOOR,11000088,88,0,0,0,0,12,11,True
Y-17,2025-08-27,1000000,-1,0,0,0,0,SATURATED_FLOOR,12000088,88,0,0,0,0,13,12,True
Y-17,2025-09-10,1000000,-1,0,0,0,0,SATURATED_FLOOR,13000088,88,0,0,0,0,14,13,True
Y-17,2026-01-12,26,26,0,0,0,0,MEASURED,13000114,114,0,0,0,0,15,13,True
Y-18,2025-03-12,1996,752,794,450,40,410,MEASURED,1996,752,794,450,40,410,1,0,False
Y-18,2025-03-25,89434,84144,0,5290,520,4770,MEASURED,91430,84896,794,5740,560,5180,2,0,False
Y-18,2025-04-08,503665,487835,0,15830,1070,14760,MEASURED,595095,572731,794,21570,1630,19940,3,0,False
Y-18,2025-04-23,208380,207700,0,680,100,580,MEASURED,803475,780431,794,22250,1730,20520,4,0,False
Y-18,2025-05-07,96434,94924,0,1510,200,1310,MEASURED,899909,875355,794,23760,1930,21830,5,0,False
Y-18,2025-05-21,1000740,-1,0,740,110,630,EXCEEDED_PARTIAL,1900649,875355,794,24500,2040,22460,6,1,True
Y-18,2025-06-11,1000760,-1,0,760,70,690,EXCEEDED_PARTIAL,2901409,875355,794,25260,2110,23150,7,2,True
Y-18,2025-07-02,1000570,-1,0,570,100,470,EXCEEDED_PARTIAL,3901979,875355,794,25830,2210,23620,8,3,True
Y-18,2025-07-17,1000930,-1,0,930,50,880,EXCEEDED_PARTIAL,4902909,875355,794,26760,2260,24500,9,4,True
Y-18,2025-08-27,1000430,-1,0,430,40,390,EXCEEDED_PARTIAL,5903339,875355,794,27190,2300,24890,10,5,True
Y-18,2025-09-10,1000110,-1,0,110,20,90,EXCEEDED_PARTIAL,6903449,875355,794,27300,2320,24980,11,6,True
Y-18,2026-01-08,6,6,0,0,0,0,MEASURED,6903455,875361,794,27300,2320,24980,12,6,True
Y-19,2025-03-12,154,66,88,0,0,0,MEASURED,154,66,88,0,0,0,1,0,False
Y-19,2025-03-25,18520,14990,3170,360,40,320,MEASURED,18674,15056,3258,360,40,320,2,0,False
Y-19,2025-04-08,202953,201063,0,1890,110,1780,MEASURED,221627,216119,3258,2250,150,2100,3,0,False
Y-19,2025-04-23,260267,259867,0,400,20,380,MEASURED,481894,475986,3258,2650,170,2480,4,0,False
Y-19,2025-05-07,170217,170147,0,70,0,70,MEASURED,652111,646133,3258,2720,170,2550,5,0,False
Y-19,2025-05-21,1000140,-1,0,140,10,130,EXCEEDED_PARTIAL,1652251,646133,3258,2860,180,2680,6,1,True
Y-19,2025-06-17,1000000,-1,0,0,0,0,SATURATED_FLOOR,2652251,646133,3258,2860,180,2680,7,2,True
Y-19,2025-07-02,1005020,-1,0,5020,360,4660,EXCEEDED_PARTIAL,3657271,646133,3258,7880,540,7340,8,3,True
Y-19,2025-07-30,1000000,-1,0,0,0,0,SATURATED_FLOOR,4657271,646133,3258,7880,540,7340,9,4,True
Y-19,2025-08-27,1000000,-1,0,0,0,0,SATURATED_FLOOR,5657271,646133,3258,7880,540,7340,10,5,True
Y-19,2025-09-10,1000000,-1,0,0,0,0,SATURATED_FLOOR,6657271,646133,3258,7880,540,7340,11,6,True
Y-19,2026-01-12,10,10,0,0,0,0,MEASURED,6657281,646143,3258,7880,540,7340,12,6,True
Y-20,2025-01-27,0,0,0,0,0,0,MEASURED,0,0,0,0,0,0,1,0,False
Y-20,2025-02-18,0,0,0,0,0,0,MEASURED,0,0,0,0,0,0,2,0,False
Y-20,2025-03-05,0,0,0,0,0,0,MEASURED,0,0,0,0,0,0,3,0,False
Y-20,2025-03-12,1071,141,0,930,50,880,MEASURED,1071,141,0,930,50,880,4,0,False
Y-20,2025-03-25,5584,994,0,4590,340,4250,MEASURED,6655,1135,0,5520,390,5130,5,0,False
Y-20,2025-04-08,7807,1397,0,6410,810,5600,MEASURED,14462,2532,0,11930,1200,10730,6,0,False
Y-20,2025-04-23,1088,588,0,500,40,460,MEASURED,15550,3120,0,12430,1240,11190,7,0,False
Y-20,2025-05-07,957,437,0,520,70,450,MEASURED,16507,3557,0,12950,1310,11640,8,0,False
Y-20,2025-05-21,8459,5329,0,3130,260,2870,MEASURED,24966,8886,0,16080,1570,14510,9,0,False
Y-20,2025-06-17,20546,19606,0,940,80,860,MEASURED,45512,28492,0,17020,1650,15370,10,0,False
Y-20,2025-07-02,14892,14602,0,290,20,270,MEASURED,60404,43094,0,17310,1670,15640,11,0,False
Y-20,2025-07-30,29803,28493,0,1310,130,1180,MEASURED,90207,71587,0,18620,1800,16820,12,0,False
Y-20,2025-08-27,26993,26373,0,620,60,560,MEASURED,117200,97960,0,19240,1860,17380,13,0,False
Y-20,2025-09-10,9380,9330,0,50,0,50,MEASURED,126580,107290,0,19290,1860,17430,14,0,False
Y-20,2026-01-12,21,21,0,0,0,0,MEASURED,126601,107311,0,19290,1860,17430,15,0,False
Y-21,2025-03-12,1573,417,726,430,30,400,MEASURED,1573,417,726,430,30,400,1,0,False
Y-21,2025-03-25,112313,105013,0,7300,520,6780,MEASURED,113886,105430,726,7730,550,7180,2,0,False
Y-21,2025-04-08,1000000,-1,0,0,0,0,SATURATED_FLOOR,1113886,105430,726,7730,550,7180,3,1,True
Y-21,2025-04-23,242086,241156,0,930,80,850,MEASURED,1355972,346586,726,8660,630,8030,4,1,True
Y-21,2025-05-07,149223,147953,0,1270,190,1080,MEASURED,1505195,494539,726,9930,820,9110,5,1,True
Y-21,2025-05-21,1000770,-1,0,770,90,680,EXCEEDED_PARTIAL,2505965,494539,726,10700,910,9790,6,2,True
Y-21,2025-06-11,1000610,-1,0,610,50,560,EXCEEDED_PARTIAL,3506575,494539,726,11310,960,10350,7,3,True
Y-21,2025-07-02,1000710,-1,0,710,70,640,EXCEEDED_PARTIAL,4507285,494539,726,12020,1030,10990,8,4,True
Y-21,2025-07-17,1000500,-1,0,500,60,440,EXCEEDED_PARTIAL,5507785,494539,726,12520,1090,11430,9,5,True
Y-21,2025-08-27,1000210,-1,0,210,10,200,EXCEEDED_PARTIAL,6507995,494539,726,12730,1100,11630,10,6,True
Y-21,2025-09-10,1000140,-1,0,140,20,120,EXCEEDED_PARTIAL,7508135,494539,726,12870,1120,11750,11,7,True
Y-21,2026-01-08,12,12,0,0,0,0,MEASURED,7508147,494551,726,12870,1120,11750,12,7,True
Y-22,2025-01-27,67894,43592,24302,0,0,0,MEASURED,67894,43592,24302,0,0,0,1,0,False
Y-22,2025-02-18,1000000,-1,0,0,0,0,SATURATED_FLOOR,1067894,43592,24302,0,0,0,2,1,True
Y-22,2025-03-05,1010100,-1,0,10100,610,9490,EXCEEDED_PARTIAL,2077994,43592,24302,10100,610,9490,3,2,True
Y-22,2025-03-12,1000000,-1,0,0,0,0,SATURATED_FLOOR,3077994,43592,24302,10100,610,9490,4,3,True
Y-22,2025-03-25,1000000,-1,0,0,0,0,SATURATED_FLOOR,4077994,43592,24302,10100,610,9490,5,4,True
Y-22,2025-04-08,1000000,-1,0,0,0,0,SATURATED_FLOOR,5077994,43592,24302,10100,610,9490,6,5,True
Y-22,2025-04-23,1000000,-1,0,0,0,0,SATURATED_FLOOR,6077994,43592,24302,10100,610,9490,7,6,True
Y-22,2025-05-07,1000000,-1,0,0,0,0,SATURATED_FLOOR,7077994,43592,24302,10100,610,9490,8,7,True
Y-22,2025-05-21,1000000,-1,0,0,0,0,SATURATED_FLOOR,8077994,43592,24302,10100,610,9490,9,8,True
Y-22,2025-06-11,1000000,-1,0,0,0,0,SATURATED_FLOOR,9077994,43592,24302,10100,610,9490,10,9,True
Y-22,2025-07-02,1000000,-1,0,0,0,0,SATURATED_FLOOR,10077994,43592,24302,10100,610,9490,11,10,True
Y-22,2025-07-17,1000000,-1,0,0,0,0,SATURATED_FLOOR,11077994,43592,24302,10100,610,9490,12,11,True
Y-22,2025-08-27,1000000,-1,0,0,0,0,SATURATED_FLOOR,12077994,43592,24302,10100,610,9490,13,12,True
Y-22,2025-09-10,1000000,-1,0,0,0,0,SATURATED_FLOOR,13077994,43592,24302,10100,610,9490,14,13,True
Y-22,2026-01-12,31,31,0,0,0,0,MEASURED,13078025,43623,24302,10100,610,9490,15,13,True
Y-23,2025-03-12,789,769,0,20,0,20,MEASURED,789,769,0,20,0,20,1,0,False
Y-23,2025-03-25,1004900,-1,0,4900,330,4570,EXCEEDED_PARTIAL,1005689,769,0,4920,330,4590,2,1,True
Y-23,2025-04-08,244954,240484,0,4470,330,4140,MEASURED,1250643,241253,0,9390,660,8730,3,1,True
Y-23,2025-04-23,952,952,0,0,0,0,MEASURED,1251595,242205,0,9390,660,8730,4,1,True
Y-23,2025-05-07,735,735,0,0,0,0,MEASURED,1252330,242940,0,9390,660,8730,5,1,True
Y-23,2025-05-21,49903,41831,7652,420,30,390,MEASURED,1302233,284771,7652,9810,690,9120,6,1,True
Y-23,2025-06-17,1006940,-1,0,6940,560,6380,EXCEEDED_PARTIAL,2309173,284771,7652,16750,1250,15500,7,2,True
Y-23,2025-07-02,578832,343295,232557,2980,230,2750,MEASURED,2888005,628066,240209,19730,1480,18250,8,2,True
Y-23,2025-07-30,1010210,-1,0,10210,750,9460,EXCEEDED_PARTIAL,3898215,628066,240209,29940,2230,27710,9,3,True
Y-23,2025-08-27,381212,379422,0,1790,130,1660,MEASURED,4279427,1007488,240209,31730,2360,29370,10,3,True
Y-23,2025-09-10,20022,19952,0,70,0,70,MEASURED,4299449,1027440,240209,31800,2360,29440,11,3,True
Y-23,2026-01-08,0,0,0,0,0,0,MEASURED,4299449,1027440,240209,31800,2360,29440,12,3,True
Y-24,2025-01-27,1000360,-1,0,360,30,330,EXCEEDED_PARTIAL,1000360,0,0,360,30,330,1,1,True
Y-24,2025-02-18,1000000,-1,0,0,0,0,SATURATED_FLOOR,2000360,0,0,360,30,330,2,2,True
Y-24,2025-03-05,1007750,-1,0,7750,530,7220,EXCEEDED_PARTIAL,3008110,0,0,8110,560,7550,3,3,True
Y-24,2025-03-12,1000000,-1,0,0,0,0,SATURATED_FLOOR,4008110,0,0,8110,560,7550,4,4,True
Y-24,2025-03-25,1000000,-1,0,0,0,0,SATURATED_FLOOR,5008110,0,0,8110,560,7550,5,5,True
Y-24,2025-04-08,1000000,-1,0,0,0,0,SATURATED_FLOOR,6008110,0,0,8110,560,7550,6,6,True
Y-24,2025-04-23,1000000,-1,0,0,0,0,SATURATED_FLOOR,7008110,0,0,8110,560,7550,7,7,True
Y-24,2025-05-07,1000000,-1,0,0,0,0,SATURATED_FLOOR,8008110,0,0,8110,560,7550,8,8,True
Y-24,2025-05-21,1000000,-1,0,0,0,0,SATURATED_FLOOR,9008110,0,0,8110,560,7550,9,9,True
Y-24,2025-06-17,1000000,-1,0,0,0,0,SATURATED_FLOOR,10008110,0,0,8110,560,7550,10,10,True
Y-24,2025-07-02,1000000,-1,0,0,0,0,SATURATED_FLOOR,11008110,0,0,8110,560,7550,11,11,True
Y-24,2025-07-30,1000000,-1,0,0,0,0,SATURATED_FLOOR,12008110,0,0,8110,560,7550,12,12,True
Y-24,2025-08-27,1000000,-1,0,0,0,0,SATURATED_FLOOR,13008110,0,0,8110,560,7550,13,13,True
Y-24,2025-09-10,1011650,-1,0,11650,810,10840,EXCEEDED_PARTIAL,14019760,0,0,19760,1370,18390,14,14,True
Y-24,2026-01-12,39,39,0,0,0,0,MEASURED,14019799,39,0,19760,1370,18390,15,14,True
Y-25,2025-03-12,353,199,154,0,0,0,MEASURED,353,199,154,0,0,0,1,0,False
Y-25,2025-03-25,1173,665,268,240,20,220,MEASURED,1526,864,422,240,20,220,2,0,False
Y-25,2025-04-08,42175,38155,0,4020,270,3750,MEASURED,43701,39019,422,4260,290,3970,3,0,False
Y-25,2025-04-23,282209,282119,0,90,0,90,MEASURED,325910,321138,422,4350,290,4060,4,0,False
Y-25,2025-05-07,198006,197976,0,30,0,30,MEASURED,523916,519114,422,4380,290,4090,5,0,False
Y-25,2025-05-21,1000120,-1,0,120,0,120,EXCEEDED_PARTIAL,1524036,519114,422,4500,290,4210,6,1,True
Y-25,2025-06-11,1000610,-1,0,610,40,570,EXCEEDED_PARTIAL,2524646,519114,422,5110,330,4780,7,2,True
Y-25,2025-07-02,1001170,-1,0,1170,80,1090,EXCEEDED_PARTIAL,3525816,519114,422,6280,410,5870,8,3,True
Y-25,2025-07-17,1001230,-1,0,1230,90,1140,EXCEEDED_PARTIAL,4527046,519114,422,7510,500,7010,9,4,True
Y-25,2025-08-27,1001040,-1,0,1040,80,960,EXCEEDED_PARTIAL,5528086,519114,422,8550,580,7970,10,5,True
Y-25,2025-09-10,1000170,-1,0,170,10,160,EXCEEDED_PARTIAL,6528256,519114,422,8720,590,8130,11,6,True
Y-25,2026-01-08,5,5,0,0,0,0,MEASURED,6528261,519119,422,8720,590,8130,12,6,True
Y-26,2025-03-12,240,240,0,0,0,0,MEASURED,240,240,0,0,0,0,1,0,False
Y-26,2025-03-25,187648,136507,47401,3740,280,3460,MEASURED,187888,136747,47401,3740,280,3460,2,0,False
Y-26,2025-04-08,574139,569539,0,4600,380,4220,MEASURED,762027,706286,47401,8340,660,7680,3,0,False
Y-26,2025-04-23,1053,1053,0,0,0,0,MEASURED,763080,707339,47401,8340,660,7680,4,0,False
Y-26,2025-05-07,1101,1101,0,0,0,0,MEASURED,764181,708440,47401,8340,660,7680,5,0,False
Y-26,2025-05-21,19896,19606,0,290,20,270,MEASURED,784077,728046,47401,8630,680,7950,6,0,False
Y-26,2025-06-17,290432,207325,78727,4380,380,4000,MEASURED,1074509,935371,126128,13010,1060,11950,7,0,False
Y-26,2025-07-02,112828,89324,20744,2760,190,2570,MEASURED,1187337,1024695,146872,15770,1250,14520,8,0,False
Y-26,2025-07-30,407838,256816,143812,7210,480,6730,MEASURED,1595175,1281511,290684,22980,1730,21250,9,0,False
Y-26,2025-08-27,112655,111405,0,1250,100,1150,MEASURED,1707830,1392916,290684,24230,1830,22400,10,0,False
Y-26,2025-09-10,18714,18714,0,0,0,0,MEASURED,1726544,1411630,290684,24230,1830,22400,11,0,False
Y-26,2026-01-08,10,10,0,0,0,0,MEASURED,1726554,1411640,290684,24230,1830,22400,12,0,False
Y-30,2025-01-27,4560,2841,1669,50,0,50,MEASURED,4560,2841,1669,50,0,50,1,0,False
Y-30,2025-02-18,16397,10475,5722,200,10,190,MEASURED,20957,13316,7391,250,10,240,2,0,False
Y-30,2025-03-05,160764,37659,121505,1600,120,1480,MEASURED,181721,50975,128896,1850,130,1720,3,0,False
Y-30,2025-03-12,1000000,-1,0,0,0,0,SATURATED_FLOOR,1181721,50975,128896,1850,130,1720,4,1,True
Y-30,2025-03-25,1000000,-1,0,0,0,0,SATURATED_FLOOR,2181721,50975,128896,1850,130,1720,5,2,True
Y-30,2025-04-08,1000000,-1,0,0,0,0,SATURATED_FLOOR,3181721,50975,128896,1850,130,1720,6,3,True
Y-30,2025-04-23,1000000,-1,0,0,0,0,SATURATED_FLOOR,4181721,50975,128896,1850,130,1720,7,4,True
Y-30,2025-05-07,1000000,-1,0,0,0,0,SATURATED_FLOOR,5181721,50975,128896,1850,130,1720,8,5,True
Y-30,2025-05-21,1000000,-1,0,0,0,0,SATURATED_FLOOR,6181721,50975,128896,1850,130,1720,9,6,True
Y-30,2025-06-17,1000000,-1,0,0,0,0,SATURATED_FLOOR,7181721,50975,128896,1850,130,1720,10,7,True
Y-30,2025-07-02,1000000,-1,0,0,0,0,SATURATED_FLOOR,8181721,50975,128896,1850,130,1720,11,8,True
Y-30,2025-07-30,1000000,-1,0,0,0,0,SATURATED_FLOOR,9181721,50975,128896,1850,130,1720,12,9,True
Y-30,2025-08-27,1000000,-1,0,0,0,0,SATURATED_FLOOR,10181721,50975,128896,1850,130,1720,13,10,True
Y-30,2025-09-10,1000000,-1,0,0,0,0,SATURATED_FLOOR,11181721,50975,128896,1850,130,1720,14,11,True
Y-30,2026-01-12,48,48,0,0,0,0,MEASURED,11181769,51023,128896,1850,130,1720,15,11,True
Y-32,2025-03-12,734,539,195,0,0,0,MEASURED,734,539,195,0,0,0,1,0,False
Y-32,2025-03-25,19329,18899,0,430,40,390,MEASURED,20063,19438,195,430,40,390,2,0,False
Y-32,2025-04-08,103883,102243,0,1640,140,1500,MEASURED,123946,121681,195,2070,180,1890,3,0,False
Y-32,2025-04-23,112274,111924,0,350,20,330,MEASURED,236220,233605,195,2420,200,2220,4,0,False
Y-32,2025-05-07,72861,72801,0,60,0,60,MEASURED,309081,306406,195,2480,200,2280,5,0,False
Y-32,2025-05-21,853917,853797,0,120,10,110,MEASURED,1162998,1160203,195,2600,210,2390,6,0,False
Y-32,2025-06-17,1013660,-1,0,13660,1210,12450,EXCEEDED_PARTIAL,2176658,1160203,195,16260,1420,14840,7,1,True
Y-32,2025-07-02,1004650,-1,0,4650,310,4340,EXCEEDED_PARTIAL,3181308,1160203,195,20910,1730,19180,8,2,True
Y-32,2025-07-30,1009190,-1,0,9190,620,8570,EXCEEDED_PARTIAL,4190498,1160203,195,30100,2350,27750,9,3,True
Y-32,2025-08-27,1000000,-1,0,0,0,0,SATURATED_FLOOR,5190498,1160203,195,30100,2350,27750,10,4,True
Y-32,2025-09-10,1000030,-1,0,30,0,30,EXCEEDED_PARTIAL,6190528,1160203,195,30130,2350,27780,11,5,True
Y-32,2026-01-12,7,7,0,0,0,0,MEASURED,6190535,1160210,195,30130,2350,27780,12,5,True
Y-34,2025-03-12,187,109,78,0,0,0,MEASURED,187,109,78,0,0,0,1,0,False
Y-34,2025-03-25,675,337,138,200,10,190,MEASURED,862,446,216,200,10,190,2,0,False
Y-34,2025-04-08,63603,58703,0,4900,270,4630,MEASURED,64465,59149,216,5100,280,4820,3,0,False
Y-34,2025-04-23,265801,265721,0,80,0,80,MEASURED,330266,324870,216,5180,280,4900,4,0,False
Y-34,2025-05-07,234849,234769,0,80,10,70,MEASURED,565115,559639,216,5260,290,4970,5,0,False
Y-34,2025-05-21,1000000,-1,0,0,0,0,SATURATED_FLOOR,1565115,559639,216,5260,290,4970,6,1,True
Y-34,2025-06-11,1000380,-1,0,380,30,350,EXCEEDED_PARTIAL,2565495,559639,216,5640,320,5320,7,2,True
Y-34,2025-07-02,1000950,-1,0,950,70,880,EXCEEDED_PARTIAL,3566445,559639,216,6590,390,6200,8,3,True
Y-34,2025-07-17,1001040,-1,0,1040,80,960,EXCEEDED_PARTIAL,4567485,559639,216,7630,470,7160,9,4,True
Y-34,2025-08-27,1001400,-1,0,1400,110,1290,EXCEEDED_PARTIAL,5568885,559639,216,9030,580,8450,10,5,True
Y-34,2025-09-10,1000130,-1,0,130,10,120,EXCEEDED_PARTIAL,6569015,559639,216,9160,590,8570,11,6,True
Y-34,2026-01-08,6,6,0,0,0,0,MEASURED,6569021,559645,216,9160,590,8570,12,6,True
Y-36,2025-03-12,311,194,117,0,0,0,MEASURED,311,194,117,0,0,0,1,0,False
Y-36,2025-03-25,1905,1086,609,210,20,190,MEASURED,2216,1280,726,210,20,190,2,0,False
Y-36,2025-04-08,32673,28823,0,3850,310,3540,MEASURED,34889,30103,726,4060,330,3730,3,0,False
Y-36,2025-04-23,147344,147244,0,100,0,100,MEASURED,182233,177347,726,4160,330,3830,4,0,False
Y-36,2025-05-07,183766,183726,0,40,0,40,MEASURED,365999,361073,726,4200,330,3870,5,0,False
Y-36,2025-05-21,1000110,-1,0,110,0,110,EXCEEDED_PARTIAL,1366109,361073,726,4310,330,3980,6,1,True
Y-36,2025-06-11,1000690,-1,0,690,50,640,EXCEEDED_PARTIAL,2366799,361073,726,5000,380,4620,7,2,True
Y-36,2025-07-02,1001190,-1,0,1190,110,1080,EXCEEDED_PARTIAL,3367989,361073,726,6190,490,5700,8,3,True
Y-36,2025-07-17,1001280,-1,0,1280,80,1200,EXCEEDED_PARTIAL,4369269,361073,726,7470,570,6900,9,4,True
Y-36,2025-08-27,1001740,-1,0,1740,120,1620,EXCEEDED_PARTIAL,5371009,361073,726,9210,690,8520,10,5,True
Y-36,2025-09-10,1000340,-1,0,340,20,320,EXCEEDED_PARTIAL,6371349,361073,726,9550,710,8840,11,6,True
Y-36,2026-01-08,6,6,0,0,0,0,MEASURED,6371355,361079,726,9550,710,8840,12,6,True
Y-38,2025-03-12,406,265,141,0,0,0,MEASURED,406,265,141,0,0,0,1,0,False
Y-38,2025-03-25,3269,2800,409,60,0,60,MEASURED,3675,3065,550,60,0,60,2,0,False
Y-38,2025-04-08,5896,4314,1032,550,50,500,MEASURED,9571,7379,1582,610,50,560,3,0,False
Y-38,2025-04-23,6754,6624,0,130,10,120,MEASURED,16325,14003,1582,740,60,680,4,0,False
Y-38,2025-05-07,3453,3453,0,0,0,0,MEASURED,19778,17456,1582,740,60,680,5,0,False
Y-38,2025-05-21,28384,28204,0,180,10,170,MEASURED,48162,45660,1582,920,70,850,6,0,False
Y-38,2025-06-11,100653,99973,0,680,50,630,MEASURED,148815,145633,1582,1600,120,1480,7,0,False
Y-38,2025-07-02,163984,162914,0,1070,70,1000,MEASURED,312799,308547,1582,2670,190,2480,8,0,False
Y-38,2025-07-17,141155,138365,0,2790,160,2630,MEASURED,453954,446912,1582,5460,350,5110,9,0,False
Y-38,2025-08-27,466716,464176,0,2540,200,2340,MEASURED,920670,911088,1582,8000,550,7450,10,0,False
Y-38,2025-09-10,50252,50102,0,150,20,130,MEASURED,970922,961190,1582,8150,570,7580,11,0,False
Y-38,2026-01-08,11,11,0,0,0,0,MEASURED,970933,961201,1582,8150,570,7580,12,0,False
Y-39,2025-03-12,69499,43851,24868,780,60,720,MEASURED,69499,43851,24868,780,60,720,1,0,False
Y-39,2025-03-25,35880,25864,5736,4280,340,3940,MEASURED,105379,69715,30604,5060,400,4660,2,0,False
Y-39,2025-04-08,33227,27087,0,6140,650,5490,MEASURED,138606,96802,30604,11200,1050,10150,3,0,False
Y-39,2025-04-23,17538,17018,0,520,60,460,MEASURED,156144,113820,30604,11720,1110,10610,4,0,False
Y-39,2025-05-07,14354,13714,0,640,80,560,MEASURED,170498,127534,30604,12360,1190,11170,5,0,False
Y-39,2025-05-21,155658,155288,0,370,70,300,MEASURED,326156,282822,30604,12730,1260,11470,6,0,False
Y-39,2025-06-11,400950,400600,0,350,50,300,MEASURED,727106,683422,30604,13080,1310,11770,7,0,False
Y-39,2025-07-02,561823,561433,0,390,50,340,MEASURED,1288929,1244855,30604,13470,1360,12110,8,0,False
Y-39,2025-07-17,516377,515597,0,780,60,720,MEASURED,1805306,1760452,30604,14250,1420,12830,9,0,False
Y-39,2025-08-27,1000750,-1,0,750,80,670,EXCEEDED_PARTIAL,2806056,1760452,30604,15000,1500,13500,10,1,True
Y-39,2025-09-10,391596,391566,0,30,0,0,MEASURED,3197652,2152018,30604,15030,1500,13500,11,1,True
Y-39,2026-01-08,5,5,0,0,0,0,MEASURED,3197657,2152023,30604,15030,1500,13500,12,1,True
Y-40,2025-03-12,132,132,0,0,0,0,MEASURED,132,132,0,0,0,0,1,0,False
Y-40,2025-03-25,56099,52959,0,3140,240,2900,MEASURED,56231,53091,0,3140,240,2900,2,0,False
Y-40,2025-04-08,136007,92553,39204,4250,230,4020,MEASURED,192238,145644,39204,7390,470,6920,3,0,False
Y-40,2025-04-23,1100,1100,0,0,0,0,MEASURED,193338,146744,39204,7390,470,6920,4,0,False
Y-40,2025-05-07,1269,1239,0,30,0,30,MEASURED,194607,147983,39204,7420,470,6950,5,0,False
Y-40,2025-05-21,19011,18811,0,200,20,180,MEASURED,213618,166794,39204,7620,490,7130,6,0,False
Y-40,2025-06-17,343842,338712,0,5130,350,4780,MEASURED,557460,505506,39204,12750,840,11910,7,0,False
Y-40,2025-07-02,124704,110403,12681,1620,110,1510,MEASURED,682164,615909,51885,14370,950,13420,8,0,False
Y-40,2025-07-30,453781,447591,0,6190,520,5670,MEASURED,1135945,1063500,51885,20560,1470,19090,9,0,False
Y-40,2025-08-27,216522,215352,0,1170,80,1090,MEASURED,1352467,1278852,51885,21730,1550,20180,10,0,False
Y-40,2025-09-10,40913,40913,0,0,0,0,MEASURED,1393380,1319765,51885,21730,1550,20180,11,0,False
Y-40,2026-01-08,10,10,0,0,0,0,MEASURED,1393390,1319775,51885,21730,1550,20180,12,0,False
