sample_id,date,arduino_time,tesla_time,time_gap_sec,arduino_temp_C,tesla_temp_C,residual_C,humidity_pct,hour_of_day
An-10-1-1,2026-06-02,09:37:38,09:40:45,187.0,26.7,27.471,0.7710000000000008,40.9,9.616666666666667
An-10-1-2,2026-06-02,09:38:22,09:39:28,66.0,26.8,27.38,0.5799999999999983,39.7,9.633333333333333
An-10-2-1,2026-06-02,09:39:15,09:41:27,132.0,26.8,27.541,0.7409999999999997,39.4,9.65
An-10-2-2,2026-06-02,09:39:56,09:42:48,172.0,26.9,27.56,0.6600000000000001,39.0,9.65
An-10-3-1,2026-06-02,09:40:50,09:43:36,166.0,26.9,27.617,0.7170000000000023,38.8,9.666666666666666
An-10-3-2,2026-06-02,09:41:30,09:44:33,183.0,26.9,27.621,0.7210000000000001,38.9,9.683333333333334
An-10-4-1,2026-06-02,09:43:07,09:46:38,211.0,27.0,27.69,0.6900000000000013,39.0,9.716666666666667
An-10-4-2,2026-06-02,09:43:59,09:45:44,105.0,27.1,27.658,0.5579999999999998,39.4,9.716666666666667
An-11-1-1,2026-06-02,13:57:47,13:59:16,89.0,29.0,29.456,0.4559999999999995,26.4,13.95
An-11-1-2,2026-06-02,13:58:12,13:59:49,97.0,29.1,29.559,0.45899999999999963,26.6,13.966666666666667
An-11-2-1,2026-06-02,13:59:03,14:00:29,86.0,29.1,29.617,0.5169999999999995,26.9,13.983333333333333
An-11-2-2,2026-06-02,13:59:29,14:01:01,92.0,29.1,29.812,0.7119999999999997,26.5,13.983333333333333
An-11-3-1,2026-06-02,13:59:58,14:01:42,104.0,29.1,29.806,0.7059999999999995,26.5,13.983333333333333
An-11-3-2,2026-06-02,14:00:22,14:02:13,111.0,29.1,29.87,0.7699999999999996,26.2,14.0
An-11-4-1,2026-06-02,14:00:53,14:02:48,115.0,29.1,30.168,1.0679999999999978,26.1,14.0
An-11-4-2,2026-06-02,14:01:57,14:03:15,78.0,29.1,30.051,0.950999999999997,26.1,14.016666666666667
An-12-1-1,2026-06-02,13:24:18,13:25:39,81.0,27.9,29.366,1.466000000000001,28.7,13.4
An-12-1-2,2026-06-02,13:24:49,13:26:13,84.0,28.0,29.396,1.3960000000000008,28.2,13.4
An-12-2-1,2026-06-02,13:25:29,13:26:48,79.0,28.1,29.373,1.2729999999999997,28.1,13.416666666666666
An-12-2-2,2026-06-02,13:26:02,13:27:20,78.0,28.1,29.345,1.2449999999999974,28.0,13.433333333333334
An-12-3-1,2026-06-02,13:26:36,13:28:03,87.0,28.1,29.272,1.171999999999997,27.5,13.433333333333334
An-12-3-2,2026-06-02,13:27:03,13:28:33,90.0,28.1,29.292,1.1920000000000002,27.3,13.45
An-12-4-1,2026-06-02,13:27:44,13:29:04,80.0,28.2,29.353,1.1530000000000022,27.3,13.45
An-12-4-2,2026-06-02,13:28:34,13:29:41,67.0,28.2,29.376,1.176000000000002,27.3,13.466666666666667
An-15-1-1,2026-06-03,08:45:33,08:46:16,43.0,27.5,27.984,0.48400000000000176,39.8,8.75
An-15-1-2,2026-06-03,08:46:03,08:46:49,46.0,27.6,28.229,0.6289999999999978,39.5,8.766666666666667
An-15-2-1,2026-06-03,08:46:37,08:47:29,52.0,27.5,28.512,1.0120000000000005,39.4,8.766666666666667
An-15-2-2,2026-06-03,08:46:59,08:48:02,63.0,27.5,28.547,1.0470000000000006,39.5,8.766666666666667
An-15-3-1,2026-06-03,08:47:33,08:48:41,68.0,27.6,28.7,1.0999999999999979,39.7,8.783333333333333
An-15-3-2,2026-06-03,08:48:02,08:49:24,82.0,27.6,28.7,1.0999999999999979,39.6,8.8
An-15-4-1,2026-06-03,08:48:32,08:50:24,112.0,27.6,28.525,0.9249999999999972,39.9,8.8
An-15-4-2,2026-06-03,08:49:02,08:51:02,120.0,27.7,28.67,0.9700000000000024,39.7,8.816666666666666
An-16-1-1,2026-06-02,10:00:23,10:03:30,187.0,27.6,28.567,0.9669999999999987,36.1,10.0
An-16-1-2,2026-06-02,10:01:03,10:04:15,192.0,27.6,28.624,1.0239999999999974,35.7,10.016666666666667
An-16-2-1,2026-06-02,09:54:44,09:59:32,288.0,27.3,28.37,1.0700000000000003,37.3,9.9
An-16-2-2,2026-06-02,09:55:31,09:58:51,200.0,27.4,28.321,0.9210000000000029,37.5,9.916666666666666
An-16-3-1,2026-06-02,09:56:39,10:01:13,274.0,27.4,28.659,1.2590000000000003,37.6,9.933333333333334
An-16-3-2,2026-06-02,09:57:29,10:00:18,169.0,27.5,28.548,1.0479999999999983,37.3,9.95
An-16-4-1,2026-06-02,09:58:33,10:02:01,208.0,27.5,28.447,0.9469999999999992,36.7,9.966666666666667
An-16-4-2,2026-06-02,09:59:33,10:02:39,186.0,27.5,28.494,0.9939999999999998,36.7,9.983333333333333
An-17-1-1,2026-06-02,13:48:13,13:49:15,62.0,28.9,28.964,0.06400000000000006,26.5,13.8
An-17-1-2,2026-06-02,13:48:40,13:49:41,61.0,28.9,28.987,0.08699999999999974,26.4,13.8
An-17-2-1,2026-06-02,13:49:45,13:50:19,34.0,28.9,29.066,0.16600000000000037,26.4,13.816666666666666
An-17-2-2,2026-06-02,13:50:13,13:50:50,37.0,28.9,29.108,0.20800000000000196,26.0,13.833333333333334
An-17-3-1,2026-06-02,13:51:16,13:51:54,38.0,28.9,29.351,0.4510000000000005,26.0,13.85
An-17-3-2,2026-06-02,13:50:49,13:51:25,36.0,28.9,29.286,0.3860000000000028,26.0,13.833333333333334
An-17-4-1,2026-06-02,13:51:44,13:52:44,60.0,28.9,29.469,0.5690000000000026,26.1,13.85
An-17-4-2,2026-06-02,13:52:12,13:53:12,60.0,28.9,29.511,0.6110000000000007,26.1,13.866666666666667
An-18-1-1,2026-06-02,14:08:18,14:09:46,88.0,29.2,29.624,0.4239999999999995,26.5,14.133333333333333
An-18-1-2,2026-06-02,14:09:15,14:10:24,69.0,29.2,29.655,0.45500000000000185,26.5,14.15
An-18-2-1,2026-06-02,14:09:47,14:10:56,69.0,29.2,29.916,0.7160000000000011,26.5,14.15
An-18-2-2,2026-06-02,14:10:12,14:11:27,75.0,29.2,30.023,0.8230000000000004,26.4,14.166666666666666
An-18-3-1,2026-06-02,14:10:52,14:12:07,75.0,29.2,29.969,0.7690000000000019,26.7,14.166666666666666
An-18-3-2,2026-06-02,14:11:16,14:12:41,85.0,29.2,29.868,0.6679999999999993,26.8,14.183333333333334
An-18-4-1,2026-06-02,14:11:48,14:13:13,85.0,29.2,29.998,0.7980000000000018,26.9,14.183333333333334
An-18-4-2,2026-06-02,14:12:12,14:13:41,89.0,29.2,30.089,0.8889999999999993,26.7,14.2
An-19-1-1,2026-06-02,11:23:19,11:24:52,93.0,28.1,29.164,1.064,34.0,11.383333333333333
An-19-1-2,2026-06-02,11:25:32,11:26:28,56.0,28.1,28.942,0.8419999999999987,34.0,11.416666666666666
An-19-2-1,2026-06-02,11:27:53,11:29:11,78.0,28.1,29.665,1.5649999999999977,33.3,11.45
An-19-2-2,2026-06-02,11:28:19,11:29:54,95.0,28.1,29.945,1.8449999999999989,33.0,11.466666666666667
An-19-3-1,2026-06-02,11:20:35,11:21:59,84.0,28.1,28.825,0.7249999999999979,33.7,11.333333333333334
An-19-3-2,2026-06-02,11:22:50,11:23:25,35.0,28.1,28.917,0.8170000000000002,33.9,11.366666666666667
An-19-4-1,2026-06-02,11:26:40,11:27:37,57.0,28.1,29.341,1.2409999999999997,33.5,11.433333333333334
An-19-4-2,2026-06-02,11:27:11,11:28:13,62.0,28.1,29.318,1.218,33.3,11.45
An-20-1-1,2026-06-03,09:15:30,09:16:55,85.0,27.4,28.308,0.9080000000000013,37.5,9.25
An-20-1-2,2026-06-03,09:16:09,09:17:37,88.0,27.5,29.198,1.6980000000000004,37.2,9.266666666666667
An-20-2-1,2026-06-03,09:16:37,09:18:20,103.0,27.7,29.321,1.6210000000000022,36.8,9.266666666666667
An-20-2-1,2026-06-03,09:17:39,09:18:20,41.0,27.9,29.321,1.421000000000003,36.6,9.283333333333333
An-20-2-1,2026-06-03,09:18:08,09:18:20,12.0,28.0,29.321,1.3210000000000015,36.4,9.3
An-20-2-1,2026-06-03,09:18:32,09:18:20,12.0,28.0,29.321,1.3210000000000015,36.0,9.3
An-20-2-2,2026-06-03,09:17:15,09:18:57,102.0,27.8,29.516,1.7159999999999975,36.6,9.283333333333333
An-20-3-1,2026-06-03,09:21:33,09:22:48,75.0,28.3,29.351,1.0509999999999984,36.2,9.35
An-20-3-2,2026-06-03,09:21:59,09:23:19,80.0,28.3,29.515,1.2149999999999999,35.8,9.35
An-20-4-1,2026-06-03,09:20:29,09:21:31,62.0,28.1,28.944,0.8439999999999976,35.9,9.333333333333334
An-20-4-2,2026-06-03,09:20:51,09:22:07,76.0,28.3,29.207,0.907,36.1,9.333333333333334
An-37-1-1,2026-06-02,10:29:12,10:31:07,115.0,28.0,28.629,0.6290000000000013,34.4,10.483333333333333
An-37-1-2,2026-06-02,10:28:09,10:30:31,142.0,28.0,28.561,0.5609999999999999,34.8,10.466666666666667
An-37-2-1,2026-06-02,10:31:01,10:33:15,134.0,28.0,29.335,1.3350000000000009,34.5,10.516666666666667
An-37-2-2,2026-06-02,10:30:32,10:32:10,98.0,28.0,29.223,1.222999999999999,34.5,10.5
An-37-3-1,2026-06-02,10:32:52,10:34:56,124.0,28.0,29.082,1.0820000000000007,34.3,10.533333333333333
An-37-3-2,2026-06-02,10:31:38,10:34:09,151.0,28.0,29.182,1.1819999999999986,34.3,10.516666666666667
An-37-4-1,2026-06-02,10:35:53,10:36:39,46.0,27.9,29.06,1.1600000000000001,34.3,10.583333333333334
An-37-4-2,2026-06-02,10:34:28,10:35:49,81.0,28.0,29.095,1.0949999999999989,34.3,10.566666666666666
An-39-1-1,2026-06-02,13:35:51,13:36:58,67.0,28.5,28.794,0.2940000000000005,26.7,13.583333333333334
An-39-1-2,2026-06-02,13:36:19,13:37:27,68.0,28.5,28.868,0.36799999999999855,26.2,13.6
An-39-2-1,2026-06-02,13:36:52,13:38:36,104.0,28.5,28.933,0.43299999999999983,26.3,13.6
An-39-2-2,2026-06-02,13:37:54,13:39:09,75.0,28.5,28.961,0.4609999999999985,26.1,13.616666666666667
An-39-3-1,2026-06-02,13:38:40,13:40:52,132.0,28.5,28.804,0.3039999999999985,26.1,13.633333333333333
An-39-3-2,2026-06-02,13:40:19,13:41:23,64.0,28.6,29.04,0.4399999999999977,26.2,13.666666666666666
An-39-4-1,2026-06-02,13:40:49,13:41:55,66.0,28.6,29.067,0.46699999999999875,26.0,13.666666666666666
An-39-4-2,2026-06-02,13:41:13,13:42:23,70.0,28.6,29.232,0.6319999999999979,26.1,13.683333333333334
An-6-1-1,2026-06-02,11:39:48,11:43:45,237.0,26.7,28.386,1.686,33.6,11.65
An-6-1-2,2026-06-02,11:40:17,11:43:12,175.0,26.8,28.298,1.4979999999999976,33.4,11.666666666666666
An-6-2-2,2026-06-02,11:42:17,11:47:15,298.0,27.0,28.722,1.7220000000000013,33.2,11.7
An-6-3-1,2026-06-02,11:43:43,11:46:04,141.0,26.9,28.569,1.6690000000000005,33.1,11.716666666666667
An-6-3-2,2026-06-02,11:44:08,11:46:43,155.0,27.1,28.727,1.626999999999999,33.1,11.733333333333333
An-6-4-1,2026-06-02,11:40:44,11:45:26,282.0,26.8,28.726,1.9259999999999984,33.3,11.666666666666666
An-6-4-2,2026-06-02,11:41:30,11:44:38,188.0,26.9,28.907,2.0070000000000014,33.4,11.683333333333334
An-8-1-1,2026-06-02,10:43:50,10:44:58,68.0,28.0,28.548,0.5479999999999983,33.7,10.716666666666667
An-8-1-2,2026-06-02,10:44:16,10:45:49,93.0,28.1,29.201,1.100999999999999,34.2,10.733333333333333
An-8-2-1,2026-06-02,10:44:48,10:46:34,106.0,28.1,29.123,1.0229999999999997,34.1,10.733333333333333
An-8-2-2,2026-06-02,10:45:31,10:47:22,111.0,28.1,29.179,1.078999999999997,34.1,10.75
An-8-3-1,2026-06-02,10:48:49,10:50:14,85.0,28.1,29.079,0.9789999999999992,33.4,10.8
An-8-3-2,2026-06-02,10:47:52,10:49:34,102.0,28.1,29.182,1.0819999999999972,33.3,10.783333333333333
An-8-4-1,2026-06-02,10:47:18,10:48:44,86.0,28.1,29.147,1.046999999999997,33.5,10.783333333333333
An-8-4-2,2026-06-02,10:46:02,10:47:58,116.0,28.1,29.139,1.038999999999998,33.7,10.766666666666667
An-9-1-1,2026-06-02,10:15:00,10:15:59,59.0,27.9,28.291,0.3910000000000018,35.0,10.25
An-9-1-2,2026-06-02,10:14:02,10:16:39,157.0,27.9,28.481,0.5810000000000031,35.2,10.233333333333333
An-9-2-1,2026-06-02,10:15:43,10:18:21,158.0,27.9,28.793,0.8930000000000007,35.0,10.25
An-9-2-2,2026-06-02,10:16:17,10:17:23,66.0,27.9,28.7,0.8000000000000007,35.5,10.266666666666667
An-9-3-1,2026-06-02,10:18:05,10:18:54,49.0,27.9,28.758,0.8580000000000005,36.1,10.3
An-9-3-2,2026-06-02,10:17:04,10:20:01,177.0,27.9,28.724,0.8240000000000016,35.7,10.283333333333333
An-9-4-1,2026-06-02,10:19:17,10:21:33,136.0,27.9,28.544,0.6440000000000019,35.5,10.316666666666666
An-9-4-2,2026-06-02,10:18:47,10:20:48,121.0,27.9,28.664,0.7640000000000029,36.0,10.3
As-1-1-1,2026-06-02,12:20:26,12:22:20,114.0,27.7,29.357,1.657,29.2,12.333333333333334
As-1-1-2,2026-06-02,12:20:50,12:22:58,128.0,27.6,29.323,1.722999999999999,29.1,12.333333333333334
As-1-2-1,2026-06-02,12:21:45,12:24:15,150.0,27.5,29.751,2.2510000000000012,29.1,12.35
As-1-2-2,2026-06-02,12:22:14,12:23:29,75.0,27.5,29.769,2.2689999999999984,29.5,12.366666666666667
As-1-3-1,2026-06-02,12:24:03,12:26:22,139.0,27.5,29.813,2.312999999999999,29.5,12.4
As-1-3-2,2026-06-02,12:24:25,12:25:49,84.0,27.5,29.878,2.378,29.5,12.4
As-1-4-1,2026-06-02,12:22:41,12:24:47,126.0,27.5,29.63,2.129999999999999,29.4,12.366666666666667
As-1-4-2,2026-06-02,12:23:06,12:25:17,131.0,27.5,29.639,2.1389999999999993,29.4,12.383333333333333
As-10-1-1,2026-06-02,12:56:02,12:57:38,96.0,27.7,28.769,1.068999999999999,29.0,12.933333333333334
As-10-1-2,2026-06-02,12:56:31,12:58:13,102.0,27.7,29.475,1.7750000000000021,28.8,12.933333333333334
As-10-2-1,2026-06-02,12:57:00,12:59:24,144.0,27.7,29.431,1.7310000000000016,28.7,12.95
As-10-2-2,2026-06-02,12:57:27,12:58:50,83.0,27.7,29.533,1.833000000000002,28.7,12.95
As-10-3-1,2026-06-02,12:57:54,13:00:10,136.0,27.6,29.368,1.7679999999999971,28.8,12.95
As-10-3-2,2026-06-02,12:58:25,13:00:52,147.0,27.6,29.554,1.953999999999997,29.0,12.966666666666667
As-10-4-1,2026-06-02,12:59:05,13:02:00,175.0,27.6,29.55,1.9499999999999993,29.0,12.983333333333333
As-10-4-2,2026-06-02,12:59:30,13:01:25,115.0,27.7,29.717,2.0169999999999995,29.3,12.983333333333333
As-12-1-1,2026-06-03,07:35:40,07:37:12,92.0,24.5,27.447,2.946999999999999,39.7,7.583333333333333
As-12-1-2,2026-06-03,07:36:19,07:37:45,86.0,24.5,27.447,2.946999999999999,39.6,7.6
As-12-2-1,2026-06-03,07:33:21,07:34:11,50.0,23.6,27.026,3.4259999999999984,40.7,7.55
As-12-2-2,2026-06-03,07:33:59,07:35:00,61.0,24.0,27.21,3.210000000000001,40.7,7.55
As-12-3-1,2026-06-03,07:34:37,07:36:32,115.0,24.1,27.353,3.253,40.5,7.566666666666666
As-12-3-2,2026-06-03,07:35:04,07:35:51,47.0,24.4,27.315,2.9150000000000027,39.8,7.583333333333333
As-12-4-1,2026-06-03,07:37:01,07:38:28,87.0,24.7,27.472,2.772000000000002,40.4,7.616666666666667
As-12-4-2,2026-06-03,07:37:31,07:39:03,92.0,24.7,27.542,2.8420000000000023,40.3,7.616666666666667
As-13-1-1,2026-06-02,11:04:38,11:06:08,90.0,28.3,28.859,0.559000000000001,32.9,11.066666666666666
As-13-1-2,2026-06-02,11:03:41,11:05:21,100.0,28.3,28.79,0.48999999999999844,32.9,11.05
As-13-2-1,2026-06-02,11:07:46,11:08:48,62.0,28.3,29.65,1.3499999999999979,32.9,11.116666666666667
As-13-2-2,2026-06-02,11:08:24,11:09:29,65.0,28.3,29.515,1.2149999999999999,32.9,11.133333333333333
As-13-3-1,2026-06-02,11:07:14,11:08:03,49.0,28.3,29.679,1.3789999999999978,32.9,11.116666666666667
As-13-3-2,2026-06-02,11:05:09,11:07:21,132.0,28.3,29.915,1.6149999999999984,32.7,11.083333333333334
As-13-4-1,2026-06-02,11:08:57,11:10:07,70.0,28.3,29.493,1.1929999999999978,32.8,11.133333333333333
As-13-4-2,2026-06-02,11:09:24,11:10:46,82.0,28.3,29.526,1.225999999999999,32.9,11.15
As-14-1-1,2026-06-03,08:22:01,08:25:21,200.0,27.1,28.557,1.4569999999999972,32.6,8.366666666666667
As-14-1-2,2026-06-03,08:22:22,08:25:53,211.0,27.2,28.775,1.5749999999999993,32.3,8.366666666666667
As-14-2-1,2026-06-03,08:24:06,08:26:32,146.0,27.2,28.93,1.7300000000000004,32.2,8.4
As-14-2-2,2026-06-03,08:24:36,08:27:09,153.0,27.3,29.046,1.7459999999999987,32.5,8.4
As-14-3-1,2026-06-03,08:25:14,08:27:54,160.0,27.3,29.155,1.8550000000000004,32.4,8.416666666666666
As-14-3-2,2026-06-03,08:25:48,08:28:34,166.0,27.3,28.997,1.6969999999999992,32.5,8.416666666666666
As-14-4-1,2026-06-03,08:26:19,08:29:21,182.0,27.3,29.043,1.7429999999999986,32.6,8.433333333333334
As-14-4-2,2026-06-03,08:26:44,08:30:01,197.0,27.3,28.901,1.600999999999999,32.5,8.433333333333334
As-15-1-1,2026-06-03,08:57:07,08:58:58,111.0,27.8,27.94,0.14000000000000057,40.2,8.95
As-15-1-2,2026-06-03,08:57:44,08:59:28,104.0,27.9,28.209,0.30900000000000105,40.2,8.95
As-15-2-1,2026-06-03,08:58:34,09:00:01,87.0,27.9,28.336,0.43599999999999994,40.4,8.966666666666667
As-15-2-2,2026-06-03,08:58:59,09:00:32,93.0,27.9,28.492,0.5920000000000023,40.2,8.966666666666667
As-15-3-1,2026-06-03,09:00:21,09:02:11,110.0,27.9,28.506,0.6060000000000016,40.0,9.0
As-15-3-2,2026-06-03,09:00:43,09:02:45,122.0,27.9,28.624,0.7240000000000002,39.9,9.0
As-15-4-1,2026-06-03,08:59:30,09:01:08,98.0,27.9,28.448,0.5480000000000018,40.3,8.983333333333333
As-15-4-2,2026-06-03,08:59:52,09:01:38,106.0,27.9,28.418,0.5180000000000007,40.1,8.983333333333333
As-16-1-1,2026-06-03,07:45:01,07:46:40,99.0,25.6,27.469,1.8689999999999998,37.3,7.75
As-16-1-2,2026-06-03,07:45:41,07:47:18,97.0,25.8,27.526,1.725999999999999,37.3,7.75
As-16-2-1,2026-06-03,07:46:31,07:48:01,90.0,25.9,27.615,1.7149999999999999,37.7,7.766666666666667
As-16-2-2,2026-06-03,07:46:54,07:48:47,113.0,26.0,27.853,1.8530000000000015,38.0,7.766666666666667
As-16-3-1,2026-06-03,07:47:28,07:49:24,116.0,26.0,27.983,1.9830000000000005,38.0,7.783333333333333
As-16-3-2,2026-06-03,07:48:01,07:49:55,114.0,26.1,28.142,2.041999999999998,38.5,7.8
As-16-4-1,2026-06-03,07:48:35,07:50:38,123.0,26.2,28.222,2.022000000000002,38.3,7.8
As-16-4-2,2026-06-03,07:49:06,07:51:12,126.0,26.2,28.199,1.9990000000000023,37.2,7.816666666666666
As-17-1-1,2026-06-02,12:46:12,12:46:55,43.0,27.6,28.87,1.2699999999999996,29.0,12.766666666666667
As-17-1-2,2026-06-02,12:46:41,12:47:39,58.0,27.7,29.108,1.4080000000000013,29.4,12.766666666666667
As-17-2-1,2026-06-02,12:47:12,12:48:09,57.0,27.7,29.146,1.4460000000000015,29.5,12.783333333333333
As-17-2-2,2026-06-02,12:47:37,12:48:42,65.0,27.7,29.597,1.897000000000002,29.5,12.783333333333333
As-17-3-1,2026-06-02,12:48:21,12:49:11,50.0,27.7,29.656,1.9559999999999995,29.4,12.8
As-17-3-2,2026-06-02,12:48:46,12:50:01,75.0,27.7,30.018,2.3180000000000014,29.3,12.8
As-17-4-1,2026-06-02,12:49:14,12:51:05,111.0,27.7,29.859,2.1590000000000025,29.3,12.816666666666666
As-17-4-2,2026-06-02,12:49:58,12:50:36,38.0,27.7,29.935,2.2349999999999994,29.4,12.816666666666666
As-18-1-1,2026-06-02,11:58:54,12:00:00,66.0,27.5,29.029,1.529,33.6,11.966666666666667
As-18-1-2,2026-06-02,11:59:27,12:03:08,221.0,27.5,29.227,1.7270000000000003,33.0,11.983333333333333
As-18-2-1,2026-06-02,11:57:14,11:59:18,124.0,27.5,29.113,1.6129999999999995,33.7,11.95
As-18-2-2,2026-06-02,11:57:39,11:58:49,70.0,27.5,29.111,1.6110000000000007,33.5,11.95
As-18-3-1,2026-06-02,11:56:05,11:57:16,71.0,27.4,28.838,1.4380000000000024,33.8,11.933333333333334
As-18-3-2,2026-06-02,11:56:38,11:58:02,84.0,27.4,28.927,1.527000000000001,34.2,11.933333333333334
As-18-4-1,2026-06-02,11:53:26,11:54:54,88.0,27.2,28.418,1.218,34.6,11.883333333333333
As-18-4-2,2026-06-02,11:55:32,11:56:40,68.0,27.3,28.423,1.1229999999999976,34.4,11.916666666666666
As-2-1-1,2026-06-02,12:33:54,12:35:35,101.0,27.5,28.965,1.4649999999999999,28.2,12.55
As-2-1-2,2026-06-02,12:34:26,12:36:18,112.0,27.4,29.15,1.75,27.9,12.566666666666666
As-2-2-1,2026-06-02,12:35:01,12:36:54,113.0,27.4,29.101,1.7010000000000005,28.0,12.583333333333334
As-2-2-2,2026-06-02,12:35:26,12:37:35,129.0,27.4,29.483,2.083000000000002,28.3,12.583333333333334
As-2-3-1,2026-06-02,12:36:26,12:38:29,123.0,27.4,29.466,2.0660000000000025,28.2,12.6
As-2-3-2,2026-06-02,12:35:59,12:39:03,184.0,27.4,29.636,2.2360000000000007,28.1,12.583333333333334
As-2-4-1,2026-06-02,12:36:56,12:39:44,168.0,27.4,29.583,2.183,28.3,12.6
As-2-4-2,2026-06-02,12:37:25,12:40:18,173.0,27.4,29.776,2.3760000000000012,28.1,12.616666666666667
As-20-1-1,2026-06-03,07:57:19,07:58:33,74.0,26.6,27.788,1.1879999999999988,34.0,7.95
As-20-1-2,2026-06-03,07:58:07,07:59:09,62.0,26.7,27.86,1.1600000000000001,33.0,7.966666666666667
As-20-2-1,2026-06-03,07:58:30,07:59:54,84.0,26.8,27.923,1.1229999999999976,32.9,7.966666666666667
As-20-2-2,2026-06-03,07:59:03,08:00:32,89.0,26.8,27.913,1.1129999999999995,32.8,7.983333333333333
As-20-3-1,2026-06-03,07:59:48,08:01:13,85.0,26.8,28.066,1.2659999999999982,32.9,7.983333333333333
As-20-3-2,2026-06-03,08:00:16,08:01:56,100.0,26.9,28.106,1.206000000000003,32.9,8.0
As-20-4-1,2026-06-03,08:00:45,08:02:52,127.0,26.9,28.033,1.1330000000000027,32.8,8.0
As-20-4-2,2026-06-03,08:01:08,08:03:31,143.0,26.9,28.041,1.1410000000000018,32.9,8.016666666666667
As-3-1-1,2026-06-02,13:07:46,13:09:31,105.0,27.8,28.582,0.782,29.3,13.116666666666667
As-3-1-2,2026-06-02,13:08:22,13:10:14,112.0,27.8,28.589,0.7889999999999979,28.9,13.133333333333333
As-3-2-1,2026-06-02,13:09:08,13:10:57,109.0,27.8,28.759,0.9589999999999996,28.9,13.15
As-3-2-2,2026-06-02,13:09:48,13:11:35,107.0,27.8,28.688,0.8879999999999981,29.1,13.15
As-3-3-1,2026-06-02,13:10:29,13:12:19,110.0,27.8,28.722,0.9220000000000006,28.9,13.166666666666666
As-3-3-2,2026-06-02,13:11:08,13:12:47,99.0,27.8,28.781,0.9809999999999981,28.9,13.183333333333334
As-3-4-1,2026-06-02,13:11:35,13:13:22,107.0,27.7,28.8,1.1000000000000014,28.9,13.183333333333334
As-3-4-2,2026-06-02,13:11:59,13:13:52,113.0,27.8,28.769,0.9689999999999976,28.8,13.183333333333334
As-4-1-1,2026-06-02,14:38:06,14:35:30,156.0,29.0,29.749,0.7489999999999988,28.4,14.633333333333333
As-4-1-2,2026-06-02,14:34:04,14:34:55,51.0,29.1,29.711,0.6109999999999971,28.0,14.566666666666666
As-4-1-2,2026-06-02,14:39:22,14:34:55,267.0,29.0,29.711,0.7109999999999985,27.9,14.65
As-4-2-1,2026-06-02,14:34:56,14:36:15,79.0,29.1,29.659,0.5589999999999975,27.8,14.566666666666666
As-4-2-2,2026-06-02,14:35:22,14:36:53,91.0,29.1,29.586,0.4859999999999971,27.9,14.583333333333334
As-4-3-1,2026-06-02,14:36:12,14:37:33,81.0,29.0,30.011,1.0109999999999992,28.0,14.6
As-4-3-2,2026-06-02,14:37:07,14:38:09,62.0,29.0,29.899,0.8990000000000009,28.2,14.616666666666667
As-4-4-1,2026-06-02,14:32:16,14:33:38,82.0,29.1,29.141,0.04099999999999682,27.8,14.533333333333333
As-4-4-2,2026-06-02,14:33:38,14:34:17,39.0,29.1,29.417,0.31700000000000017,27.6,14.55
As-5-1-1,2026-06-02,09:12:49,09:17:19,270.0,24.7,26.372,1.6720000000000006,47.3,9.2
As-5-1-2,2026-06-02,09:13:26,09:16:25,179.0,25.0,26.626,1.6260000000000012,44.9,9.216666666666667
As-5-2-1,2026-06-02,09:14:40,09:18:59,259.0,25.3,26.391,1.0909999999999975,43.6,9.233333333333333
As-5-2-2,2026-06-02,09:15:19,09:17:55,156.0,25.4,26.454,1.054000000000002,43.9,9.25
As-5-3-1,2026-06-02,09:16:23,09:20:48,265.0,25.5,26.456,0.9559999999999995,43.6,9.266666666666667
As-5-3-2,2026-06-02,09:16:55,09:19:48,173.0,25.6,26.351,0.7509999999999977,42.6,9.266666666666667
As-5-4-1,2026-06-02,09:17:43,09:22:20,277.0,25.6,26.545,0.9450000000000003,42.3,9.283333333333333
As-5-4-2,2026-06-02,09:18:21,09:21:25,184.0,25.7,26.484,0.7840000000000025,42.5,9.3
As-6-1-1,2026-06-03,08:09:35,08:10:34,59.0,27.0,27.86,0.8599999999999994,32.7,8.15
As-6-1-2,2026-06-03,08:10:01,08:11:21,80.0,27.0,27.994,0.9939999999999998,32.8,8.166666666666666
As-6-2-1,2026-06-03,08:10:35,08:12:06,91.0,27.0,28.069,1.068999999999999,32.7,8.166666666666666
As-6-2-2,2026-06-03,08:11:00,08:12:44,104.0,27.0,28.263,1.2630000000000017,32.7,8.183333333333334
As-6-3-1,2026-06-03,08:11:33,08:13:55,142.0,27.0,28.547,1.5470000000000006,32.7,8.183333333333334
As-6-3-2,2026-06-03,08:11:53,08:13:17,84.0,27.0,28.324,1.3240000000000016,32.7,8.183333333333334
As-6-4-1,2026-06-03,08:12:23,08:14:36,133.0,27.0,28.738,1.7379999999999995,32.6,8.2
As-6-4-2,2026-06-03,08:12:51,08:15:16,145.0,27.0,28.654,1.654,32.7,8.2
As-7-1-1,2026-06-02,14:19:29,14:22:00,151.0,29.1,29.839,0.7389999999999972,27.6,14.316666666666666
As-7-1-2,2026-06-02,14:19:58,14:22:48,170.0,29.2,29.933,0.7330000000000005,27.6,14.316666666666666
As-7-2-1,2026-06-02,14:21:18,14:24:01,163.0,29.3,30.469,1.1690000000000005,27.4,14.35
As-7-2-2,2026-06-02,14:20:49,14:23:26,157.0,29.2,30.383,1.1829999999999998,27.5,14.333333333333334
As-7-3-1,2026-06-02,14:21:54,14:24:41,167.0,29.3,30.329,1.029,27.6,14.35
As-7-3-2,2026-06-02,14:22:28,14:25:14,166.0,29.3,30.319,1.0189999999999984,27.6,14.366666666666667
As-7-4-1,2026-06-02,14:23:06,14:25:47,161.0,29.3,30.038,0.7379999999999995,27.5,14.383333333333333
As-7-4-2,2026-06-02,14:23:31,14:26:19,168.0,29.4,30.149,0.7490000000000023,27.6,14.383333333333333
Hn-10-1,2026-06-02,09:32:48,09:34:29,101.0,26.3,27.057,0.7569999999999979,40.9,9.533333333333333
Hn-10-2,2026-06-02,09:33:39,09:35:38,119.0,26.3,27.407,1.1069999999999993,41.0,9.55
Hn-10-3,2026-06-02,09:34:49,09:36:42,113.0,26.4,27.393,0.9930000000000021,41.4,9.566666666666666
Hn-10-4,2026-06-02,09:36:25,09:37:35,70.0,26.6,27.302,0.7019999999999982,41.4,9.6
Hn-11-1,2026-06-02,13:55:13,13:56:35,82.0,29.0,29.145,0.14499999999999957,26.5,13.916666666666666
Hn-11-2,2026-06-02,13:55:52,13:57:09,77.0,29.0,29.07,0.07000000000000028,26.7,13.916666666666666
Hn-11-3,2026-06-02,13:56:18,13:57:41,83.0,29.0,29.158,0.15800000000000125,26.6,13.933333333333334
Hn-11-4,2026-06-02,13:56:48,13:58:29,101.0,29.0,29.234,0.23400000000000176,26.5,13.933333333333334
Hn-12-1,2026-06-02,13:21:33,13:22:52,79.0,27.5,28.928,1.4280000000000008,28.7,13.35
Hn-12-2,2026-06-02,13:22:18,13:23:31,73.0,27.7,29.116,1.4160000000000004,28.6,13.366666666666667
Hn-12-3,2026-06-02,13:22:45,13:24:28,103.0,27.7,29.26,1.5600000000000023,28.5,13.366666666666667
Hn-12-4,2026-06-02,13:23:14,13:25:04,110.0,27.8,29.377,1.5769999999999982,28.4,13.383333333333333
Hn-15-1,2026-06-03,08:42:52,08:43:51,59.0,27.5,26.787,-0.713000000000001,32.2,8.7
Hn-15-2,2026-06-03,08:43:17,08:44:30,73.0,27.4,27.134,-0.26599999999999824,40.0,8.716666666666667
Hn-15-3,2026-06-03,08:43:47,08:45:06,79.0,27.5,27.594,0.0940000000000012,40.0,8.716666666666667
Hn-15-4,2026-06-03,08:44:22,08:45:40,78.0,27.5,27.925,0.4250000000000007,40.0,8.733333333333333
Hn-16-2,2026-06-02,09:51:57,09:53:26,89.0,27.2,27.957,0.7570000000000014,38.0,9.85
Hn-16-3,2026-06-02,09:52:49,09:54:05,76.0,27.3,27.877,0.5769999999999982,37.7,9.866666666666667
Hn-16-4,2026-06-02,09:53:24,09:55:08,104.0,27.3,27.911,0.6110000000000007,37.6,9.883333333333333
Hn-17-1,2026-06-02,13:45:36,13:46:13,37.0,28.7,28.823,0.12300000000000111,26.2,13.75
Hn-17-2,2026-06-02,13:46:09,13:46:46,37.0,28.8,28.828,0.027999999999998693,26.3,13.766666666666667
Hn-17-3,2026-06-02,13:46:37,13:47:19,42.0,28.8,28.884,0.08399999999999963,26.3,13.766666666666667
Hn-17-4,2026-06-02,13:47:06,13:47:46,40.0,28.8,28.861,0.06099999999999994,26.2,13.783333333333333
Hn-18-1,2026-06-02,14:05:27,14:06:53,86.0,29.2,29.519,0.31899999999999906,26.4,14.083333333333334
Hn-18-2,2026-06-02,14:05:52,14:07:51,119.0,29.2,29.469,0.2690000000000019,26.3,14.083333333333334
Hn-18-3,2026-06-02,14:06:18,14:08:19,121.0,29.2,29.433,0.23300000000000054,26.4,14.1
Hn-18-4,2026-06-02,14:06:51,14:08:57,126.0,29.2,29.457,0.25700000000000145,26.5,14.1
Hn-19-1,2026-06-02,11:17:48,11:19:59,131.0,28.3,28.333,0.0329999999999977,33.7,11.283333333333333
Hn-19-2,2026-06-02,11:19:47,11:21:06,79.0,28.1,28.393,0.29299999999999926,33.8,11.316666666666666
Hn-19-3,2026-06-02,11:18:37,11:19:29,52.0,28.1,28.318,0.21799999999999997,33.7,11.3
Hn-19-4,2026-06-02,11:19:08,11:20:32,84.0,28.1,28.36,0.259999999999998,33.8,11.316666666666666
Hn-20-1,2026-06-03,09:13:25,09:14:08,43.0,26.9,26.854,-0.045999999999999375,38.1,9.216666666666667
Hn-20-2,2026-06-03,09:13:54,09:14:43,49.0,26.9,27.136,0.23600000000000065,38.0,9.216666666666667
Hn-20-3,2026-06-03,09:14:54,09:15:26,32.0,27.3,27.536,0.23600000000000065,38.0,9.233333333333333
Hn-20-4,2026-06-03,09:14:22,09:16:02,100.0,27.1,27.97,0.8699999999999974,38.0,9.233333333333333
Hn-37-1,2026-06-02,10:25:02,10:26:21,79.0,27.9,28.159,0.25900000000000034,34.8,10.416666666666666
Hn-37-2,2026-06-02,10:25:33,10:26:57,84.0,27.9,28.126,0.22600000000000264,35.2,10.416666666666666
Hn-37-3,2026-06-02,10:26:53,10:28:18,85.0,27.9,28.097,0.19700000000000273,35.8,10.433333333333334
Hn-37-4,2026-06-02,10:27:15,10:29:33,138.0,27.9,28.261,0.36100000000000065,34.9,10.45
Hn-39-1,2026-06-02,13:32:19,13:34:28,129.0,28.4,28.932,0.532,26.8,13.533333333333333
Hn-39-2,2026-06-02,13:32:52,13:35:00,128.0,28.4,28.76,0.360000000000003,26.7,13.533333333333333
Hn-39-3,2026-06-02,13:33:19,13:35:31,132.0,28.5,28.783,0.28300000000000125,26.8,13.55
Hn-39-4,2026-06-02,13:34:08,13:36:08,120.0,28.5,28.776,0.2759999999999998,26.7,13.566666666666666
Hn-6-1,2026-06-02,11:35:51,11:38:26,155.0,28.1,27.092,-1.0080000000000027,33.4,11.583333333333334
Hn-6-2,2026-06-02,11:36:19,11:39:57,218.0,26.4,27.523,1.123000000000001,33.7,11.6
Hn-6-3,2026-06-02,11:37:40,11:41:32,232.0,26.4,27.43,1.0300000000000011,33.8,11.616666666666667
Hn-6-4,2026-06-02,11:38:15,11:39:26,71.0,26.6,26.896,0.2959999999999994,34.1,11.633333333333333
Hn-8-1,2026-06-02,10:41:05,10:42:01,56.0,28.0,28.308,0.30799999999999983,34.1,10.683333333333334
Hn-8-2,2026-06-02,10:41:37,10:42:44,67.0,28.1,28.207,0.10699999999999932,34.0,10.683333333333334
Hn-8-3,2026-06-02,10:43:10,10:44:00,50.0,28.0,28.258,0.2579999999999991,34.0,10.716666666666667
Hn-8-4,2026-06-02,10:42:30,10:43:24,54.0,28.0,28.252,0.2519999999999989,34.1,10.7
Hn-9-1,2026-06-02,10:10:41,10:12:12,91.0,27.9,27.941,0.04100000000000037,36.0,10.166666666666666
Hn-9-2,2026-06-02,10:11:33,10:13:12,99.0,27.9,27.93,0.030000000000001137,35.5,10.183333333333334
Hn-9-3,2026-06-02,10:12:34,10:13:53,79.0,27.9,27.885,-0.014999999999997016,35.5,10.2
Hn-9-4,2026-06-02,10:13:14,10:14:49,95.0,27.9,28.074,0.17400000000000304,35.3,10.216666666666667
Hs-1-1,2026-06-02,12:16:27,12:19:14,167.0,27.6,28.647,1.046999999999997,28.8,12.266666666666667
Hs-1-2,2026-06-02,12:18:13,12:20:39,146.0,27.7,29.296,1.596,29.3,12.3
Hs-1-3,2026-06-02,12:17:20,12:21:35,255.0,27.7,29.0,1.3000000000000007,29.3,12.283333333333333
Hs-1-4,2026-06-02,12:17:46,12:21:06,200.0,27.7,29.059,1.3590000000000018,29.4,12.283333333333333
Hs-10-1,2026-06-02,12:53:28,12:55:00,92.0,27.8,29.421,1.6209999999999987,29.1,12.883333333333333
Hs-10-2,2026-06-02,12:54:12,12:55:41,89.0,27.7,28.965,1.2650000000000006,29.0,12.9
Hs-10-3,2026-06-02,12:54:38,12:56:17,99.0,27.7,28.763,1.0630000000000024,29.0,12.9
Hs-10-4,2026-06-02,12:55:04,12:56:52,108.0,27.7,28.587,0.8870000000000005,29.0,12.916666666666666
Hs-12-1,2026-06-03,07:32:12,07:32:48,36.0,23.4,26.827,3.427000000000003,40.6,7.533333333333333
Hs-12-2,2026-06-03,07:30:52,07:31:28,36.0,23.2,26.292,3.0920000000000023,41.2,7.5
Hs-12-3,2026-06-03,07:31:29,07:32:06,37.0,23.3,26.457,3.157,41.2,7.516666666666667
Hs-12-4,2026-06-03,07:32:42,07:33:19,37.0,23.5,26.87,3.370000000000001,40.5,7.533333333333333
Hs-13-1,2026-06-02,10:59:45,11:02:03,138.0,28.3,27.881,-0.4190000000000005,34.0,10.983333333333333
Hs-13-2,2026-06-02,11:02:08,11:03:10,62.0,28.3,28.088,-0.21199999999999974,33.1,11.033333333333333
Hs-13-3,2026-06-02,11:00:54,11:02:37,103.0,28.1,27.945,-0.15500000000000114,33.4,11.0
Hs-13-4,2026-06-02,11:00:26,11:03:46,200.0,28.1,28.088,-0.012000000000000455,33.7,11.0
Hs-14-1,2026-06-03,08:16:06,08:20:54,288.0,27.1,27.996,0.8959999999999972,32.4,8.266666666666667
Hs-15-1,2026-06-03,08:53:10,08:55:53,163.0,27.7,27.594,-0.1059999999999981,39.7,8.883333333333333
Hs-15-2,2026-06-03,08:53:37,08:57:17,220.0,27.8,27.472,-0.3279999999999994,39.7,8.883333333333333
Hs-15-3,2026-06-03,08:54:01,08:58:22,261.0,27.8,27.604,-0.1960000000000015,40.0,8.9
Hs-15-4,2026-06-03,08:54:28,08:57:46,198.0,27.8,27.659,-0.1410000000000018,40.2,8.9
Hs-16-1,2026-06-03,07:41:26,07:43:41,135.0,25.1,27.411,2.311,39.7,7.683333333333334
Hs-16-2,2026-06-03,07:41:52,07:44:21,149.0,25.4,27.406,2.0060000000000002,38.4,7.683333333333334
Hs-16-3,2026-06-03,07:42:14,07:45:00,166.0,25.4,27.494,2.094000000000001,38.1,7.7
Hs-16-4,2026-06-03,07:42:50,07:45:34,164.0,25.5,27.54,2.039999999999999,38.0,7.7
Hs-17-1,2026-06-02,12:42:37,12:44:00,83.0,27.5,29.437,1.9370000000000012,28.7,12.7
Hs-17-2,2026-06-02,12:43:06,12:44:31,85.0,27.6,28.858,1.2579999999999991,28.9,12.716666666666667
Hs-17-3,2026-06-02,12:43:39,12:44:58,79.0,27.6,28.696,1.096,28.7,12.716666666666667
Hs-17-4,2026-06-02,12:44:03,12:45:30,87.0,27.5,28.658,1.1580000000000013,29.0,12.733333333333333
Hs-18-1,2026-06-02,11:49:13,11:54:06,293.0,27.1,27.712,0.6119999999999983,33.0,11.816666666666666
Hs-18-2,2026-06-02,11:50:02,11:53:18,196.0,27.1,27.815,0.7149999999999999,33.6,11.833333333333334
Hs-18-3,2026-06-02,11:50:36,11:52:49,133.0,27.1,27.829,0.7289999999999992,33.7,11.833333333333334
Hs-18-4,2026-06-02,11:51:30,11:52:15,45.0,27.1,27.881,0.7809999999999988,34.4,11.85
Hs-2-1,2026-06-02,12:28:19,12:32:43,264.0,27.5,28.603,1.1030000000000015,29.6,12.466666666666667
Hs-2-2,2026-06-02,12:28:52,12:33:40,288.0,27.5,28.742,1.2420000000000009,29.3,12.466666666666667
Hs-2-3,2026-06-02,12:29:15,12:34:08,293.0,27.5,28.566,1.065999999999999,28.7,12.483333333333333
Hs-2-4,2026-06-02,12:29:49,12:34:48,299.0,27.5,28.623,1.123000000000001,28.5,12.483333333333333
Hs-20-1,2026-06-03,07:52:16,07:56:09,233.0,26.4,28.094,1.6940000000000026,35.8,7.866666666666667
Hs-20-2,2026-06-03,07:53:45,07:56:42,177.0,26.5,27.84,1.3399999999999999,34.4,7.883333333333333
Hs-20-3,2026-06-03,07:53:18,07:57:24,246.0,26.5,27.749,1.2489999999999988,34.6,7.883333333333333
Hs-3-1,2026-06-02,13:03:20,13:06:15,175.0,27.7,28.971,1.2710000000000008,29.4,13.05
Hs-3-2,2026-06-02,13:03:46,13:07:01,195.0,27.7,28.711,1.0109999999999992,29.3,13.05
Hs-3-3,2026-06-02,13:04:14,13:08:13,239.0,27.7,28.337,0.6370000000000005,29.2,13.066666666666666
Hs-3-4,2026-06-02,13:04:55,13:08:42,227.0,27.7,28.321,0.6210000000000022,29.2,13.066666666666666
Hs-4-1,2026-06-02,14:29:10,14:31:38,148.0,29.5,28.822,-0.6780000000000008,27.3,14.483333333333333
Hs-4-2,2026-06-02,14:30:54,14:32:36,102.0,29.1,28.775,-0.32500000000000284,27.7,14.5
Hs-4-3,2026-06-02,14:30:16,14:32:09,113.0,29.2,28.836,-0.36400000000000077,27.2,14.5
Hs-4-4,2026-06-02,14:29:43,14:31:15,92.0,29.3,29.042,-0.2579999999999991,27.3,14.483333333333333
Hs-5-1,2026-06-02,09:08:30,09:10:37,127.0,23.6,25.879,2.279,47.8,9.133333333333333
Hs-5-2,2026-06-02,09:09:19,09:12:02,163.0,24.2,26.083,1.8829999999999991,47.3,9.15
Hs-5-3,2026-06-02,09:10:15,09:12:54,159.0,24.4,26.192,1.7920000000000016,47.0,9.166666666666666
Hs-5-4,2026-06-02,09:10:54,09:14:26,212.0,24.5,26.444,1.943999999999999,46.2,9.166666666666666
Hs-6-1,2026-06-03,08:05:10,08:08:01,171.0,27.0,27.939,0.9390000000000001,33.2,8.083333333333334
Hs-6-2,2026-06-03,08:05:55,08:08:39,164.0,27.0,27.687,0.6870000000000012,32.8,8.083333333333334
Hs-6-3,2026-06-03,08:06:34,08:09:12,158.0,27.0,27.825,0.8249999999999993,32.7,8.1
Hs-6-4,2026-06-03,08:06:57,08:09:41,164.0,27.1,27.776,0.6759999999999984,32.7,8.1
Hs-7-1,2026-06-02,14:16:44,14:18:29,105.0,29.2,28.984,-0.21599999999999753,26.5,14.266666666666667
Hs-7-2,2026-06-02,14:17:11,14:19:07,116.0,28.9,29.259,0.35900000000000176,27.3,14.283333333333333
Hs-7-3,2026-06-02,14:18:07,14:19:58,111.0,29.0,29.195,0.19500000000000028,27.6,14.3
Hs-7-4,2026-06-02,14:18:33,14:21:01,148.0,29.1,29.33,0.22999999999999687,27.7,14.3
Y-1-1,2026-06-02,11:46:01,11:48:48,167.0,27.1,28.122,1.0219999999999985,32.9,11.766666666666667
Y-1-2,2026-06-02,11:46:30,11:49:19,169.0,27.1,27.888,0.7880000000000003,32.9,11.766666666666667
Y-1-3,2026-06-02,11:46:56,11:50:16,200.0,27.1,28.012,0.911999999999999,33.1,11.766666666666667
Y-1-4,2026-06-02,11:47:25,11:50:55,210.0,27.1,27.792,0.6920000000000002,32.9,11.783333333333333
Y-10-1,2026-06-02,12:50:48,12:52:04,76.0,27.7,29.353,1.6530000000000022,29.4,12.833333333333334
Y-10-2,2026-06-02,12:51:16,12:52:41,85.0,27.7,29.277,1.5770000000000017,29.4,12.85
Y-10-3,2026-06-02,12:51:41,12:53:13,92.0,27.7,28.92,1.2200000000000024,29.3,12.85
Y-10-4,2026-06-02,12:52:08,12:53:56,108.0,27.7,29.293,1.593,29.2,12.866666666666667
Y-11-1,2026-06-02,13:00:15,13:03:02,167.0,27.7,29.41,1.7100000000000009,29.2,13.0
Y-11-2,2026-06-02,13:00:42,13:03:44,182.0,27.6,29.107,1.506999999999998,29.5,13.0
Y-11-3,2026-06-02,13:01:20,13:04:18,178.0,27.7,29.322,1.6219999999999999,29.5,13.016666666666667
Y-11-4,2026-06-02,13:01:47,13:04:49,182.0,27.7,29.323,1.623000000000001,29.4,13.016666666666667
Y-12-1,2026-06-02,14:40:37,14:41:22,45.0,29.0,30.039,1.0390000000000015,28.4,14.666666666666666
Y-12-2,2026-06-02,14:41:01,14:41:59,58.0,29.0,29.325,0.3249999999999993,28.3,14.683333333333334
Y-12-3,2026-06-02,14:41:25,14:42:32,67.0,29.0,29.439,0.43900000000000006,28.4,14.683333333333334
Y-12-4,2026-06-02,14:41:51,14:43:05,74.0,29.0,29.489,0.48900000000000077,28.3,14.683333333333334
Y-13-1,2026-06-02,12:13:16,12:14:05,49.0,27.6,28.503,0.9029999999999987,33.8,12.216666666666667
Y-13-2,2026-06-02,12:13:47,12:14:50,63.0,27.6,28.37,0.7699999999999996,28.7,12.216666666666667
Y-13-3,2026-06-02,12:15:00,12:15:38,38.0,27.6,29.118,1.5179999999999971,28.6,12.25
Y-13-4,2026-06-02,12:15:29,12:16:19,50.0,27.6,29.167,1.5670000000000002,28.7,12.25
Y-14-1,2026-06-01,10:43:22,10:44:25,63.0,21.1,21.629,0.5289999999999999,52.8,10.716666666666667
Y-14-1,2026-06-02,09:04:08,09:02:11,117.0,20.3,22.683,2.382999999999999,48.5,9.066666666666666
Y-14-1,2026-06-03,07:26:55,07:27:35,40.0,22.6,23.991,1.3909999999999982,44.5,7.433333333333334
Y-14-1,2026-06-03,08:32:26,08:34:31,125.0,27.4,27.856,0.45600000000000307,32.5,8.533333333333333
Y-14-1,2026-06-03,09:24:49,09:27:15,146.0,28.5,28.348,-0.15200000000000102,35.9,9.4
Y-14-2,2026-06-01,10:45:32,10:46:24,52.0,21.5,22.213,0.713000000000001,52.5,10.75
Y-14-2,2026-06-02,09:05:23,09:02:57,146.0,23.4,23.316,-0.08399999999999963,48.4,9.083333333333334
Y-14-2,2026-06-03,07:27:23,07:28:12,49.0,22.8,23.984,1.184000000000001,41.7,7.45
Y-14-2,2026-06-03,08:32:49,08:35:06,137.0,27.5,27.369,-0.13100000000000023,32.2,8.533333333333333
Y-14-2,2026-06-03,09:25:18,09:27:55,157.0,28.5,28.407,-0.09299999999999997,35.9,9.416666666666666
Y-14-3,2026-06-01,10:52:01,10:53:13,72.0,21.6,22.578,0.977999999999998,51.8,10.866666666666667
Y-14-3,2026-06-02,09:04:35,09:03:47,48.0,23.0,24.094,1.0940000000000012,48.9,9.066666666666666
Y-14-3,2026-06-03,07:27:57,07:28:51,54.0,22.8,24.77,1.9699999999999989,41.3,7.45
Y-14-3,2026-06-03,08:33:29,08:35:46,137.0,27.5,27.642,0.14199999999999946,32.4,8.55
Y-14-3,2026-06-03,09:25:45,09:28:40,175.0,28.5,28.623,0.12300000000000111,35.7,9.416666666666666
Y-14-4,2026-06-02,09:04:57,09:04:19,38.0,23.2,24.125,0.9250000000000007,49.1,9.066666666666666
Y-14-4,2026-06-03,07:28:31,07:29:22,51.0,22.9,24.923,2.0229999999999997,41.2,7.466666666666667
Y-14-4,2026-06-03,08:33:58,08:36:23,145.0,27.5,27.475,-0.02499999999999858,32.2,8.55
Y-14-4,2026-06-03,09:26:11,09:29:23,192.0,28.5,28.264,-0.23600000000000065,35.7,9.433333333333334
Y-15-1,2026-06-02,09:45:50,09:48:05,135.0,27.1,27.705,0.6049999999999969,39.2,9.75
Y-15-3,2026-06-02,09:47:22,09:48:53,91.0,27.2,27.867,0.6670000000000016,38.7,9.783333333333333
Y-15-4,2026-06-02,09:48:18,09:51:31,193.0,27.2,28.45,1.25,39.0,9.8
Y-16-1,2026-06-03,09:01:50,09:06:48,298.0,27.9,27.507,-0.39299999999999713,39.8,9.016666666666667
Y-16-2,2026-06-03,09:03:18,09:07:18,240.0,27.9,27.361,-0.5389999999999979,39.8,9.05
Y-17-1,2026-06-03,09:22:40,09:24:34,114.0,28.3,28.445,0.14499999999999957,35.9,9.366666666666667
Y-17-2,2026-06-03,09:22:59,09:25:11,132.0,28.4,28.364,-0.03599999999999781,36.1,9.366666666666667
Y-17-3,2026-06-03,09:24:02,09:25:45,103.0,28.5,28.657,0.15700000000000003,36.1,9.4
Y-17-4,2026-06-03,09:23:32,09:26:17,165.0,28.5,28.689,0.18900000000000006,36.0,9.383333333333333
Y-18-1,2026-06-03,08:02:13,08:05:14,181.0,26.9,27.925,1.0250000000000021,32.9,8.033333333333333
Y-18-2,2026-06-03,08:02:38,08:05:48,190.0,26.9,27.848,0.9480000000000004,32.7,8.033333333333333
Y-18-3,2026-06-03,08:03:28,08:06:24,176.0,27.0,27.839,0.8389999999999986,33.0,8.05
Y-18-4,2026-06-03,08:03:00,08:06:56,236.0,27.0,28.133,1.1329999999999991,33.0,8.05
Y-19-1,2026-06-02,12:38:25,12:41:15,170.0,27.5,29.574,2.0740000000000016,28.2,12.633333333333333
Y-19-2,2026-06-02,12:38:53,12:41:48,175.0,27.5,29.496,1.9959999999999987,28.5,12.633333333333333
Y-19-3,2026-06-02,12:39:26,12:42:25,179.0,27.5,29.231,1.7310000000000016,28.5,12.65
Y-19-4,2026-06-02,12:39:54,12:42:54,180.0,27.5,29.628,2.128,28.6,12.65
Y-20-1,2026-06-02,09:21:19,09:24:59,220.0,25.8,26.708,0.9079999999999977,42.3,9.35
Y-20-2,2026-06-02,09:22:09,09:23:53,104.0,26.1,26.496,0.39599999999999724,42.0,9.366666666666667
Y-20-4,2026-06-02,09:24:27,09:28:15,228.0,26.2,27.013,0.8130000000000024,39.4,9.4
Y-21-1,2026-06-03,08:13:38,08:16:50,192.0,27.0,28.092,1.0919999999999987,32.5,8.216666666666667
Y-21-2,2026-06-03,08:14:14,08:17:26,192.0,27.1,28.553,1.4529999999999994,32.6,8.233333333333333
Y-21-3,2026-06-03,08:14:42,08:18:18,216.0,27.1,28.254,1.154,32.5,8.233333333333333
Y-21-4,2026-06-03,08:15:18,08:18:52,214.0,27.1,28.208,1.107999999999997,32.6,8.25
Y-22-1,2026-06-03,08:49:52,08:52:10,138.0,27.7,28.545,0.8450000000000024,39.5,8.816666666666666
Y-22-2,2026-06-03,08:50:20,08:52:39,139.0,27.7,28.445,0.745000000000001,39.7,8.833333333333334
Y-22-3,2026-06-03,08:50:46,08:53:10,144.0,27.7,28.32,0.620000000000001,39.9,8.833333333333334
Y-22-4,2026-06-03,08:51:13,08:53:38,145.0,27.7,28.27,0.5700000000000003,39.7,8.85
Y-23-1,2026-06-02,10:21:08,10:24:12,184.0,27.9,28.376,0.47600000000000264,35.5,10.35
Y-23-2,2026-06-02,10:21:46,10:22:50,64.0,27.9,28.219,0.3190000000000026,35.2,10.35
Y-23-3,2026-06-02,10:22:13,10:23:30,77.0,27.9,28.321,0.4210000000000029,35.2,10.366666666666667
Y-23-4,2026-06-02,10:22:48,10:25:05,137.0,27.9,28.678,0.7780000000000022,35.2,10.366666666666667
Y-24-1,2026-06-02,11:13:30,11:14:34,64.0,28.3,28.794,0.4939999999999998,33.0,11.216666666666667
Y-24-2,2026-06-02,11:13:56,11:15:22,86.0,28.3,28.673,0.37299999999999756,33.1,11.216666666666667
Y-24-3,2026-06-02,11:13:01,11:13:52,51.0,28.3,28.484,0.18400000000000105,33.0,11.216666666666667
Y-24-4,2026-06-02,11:15:45,11:16:43,58.0,28.3,29.255,0.9549999999999983,33.4,11.25
Y-25-1,2026-06-02,13:52:55,13:54:05,70.0,28.9,29.066,0.16600000000000037,26.2,13.866666666666667
Y-25-2,2026-06-02,13:53:23,13:54:39,76.0,29.0,28.952,-0.047999999999998266,26.4,13.883333333333333
Y-25-3,2026-06-02,13:53:49,13:55:13,84.0,29.0,28.947,-0.053000000000000824,26.4,13.883333333333333
Y-25-4,2026-06-02,13:54:15,13:55:44,89.0,29.0,28.944,-0.05600000000000094,26.5,13.9
Y-26-1,2026-06-02,10:37:04,10:38:12,68.0,28.0,28.539,0.5390000000000015,34.7,10.616666666666667
Y-26-2,2026-06-02,10:40:02,10:40:30,28.0,28.0,28.496,0.49599999999999866,34.2,10.666666666666666
Y-26-3,2026-06-02,10:38:19,10:39:39,80.0,28.0,28.452,0.45200000000000173,34.5,10.633333333333333
Y-26-4,2026-06-02,10:37:36,10:38:50,74.0,28.0,28.405,0.40500000000000114,34.9,10.616666666666667
Y-3-1,2026-06-02,10:04:10,10:05:43,93.0,27.8,28.208,0.4079999999999977,36.2,10.066666666666666
Y-3-2,2026-06-02,10:05:55,10:06:28,33.0,27.8,28.249,0.44899999999999807,35.9,10.083333333333334
Y-3-2,2026-06-02,10:07:25,10:06:28,57.0,27.8,28.249,0.44899999999999807,36.0,10.116666666666667
Y-3-3,2026-06-02,10:08:29,10:09:16,47.0,27.8,28.052,0.2519999999999989,36.2,10.133333333333333
Y-3-4,2026-06-02,10:09:03,10:09:55,52.0,27.8,27.995,0.19500000000000028,36.2,10.15
Y-30-3,2026-06-02,12:01:26,12:06:00,274.0,27.5,28.883,1.3829999999999991,33.9,12.016666666666667
Y-30-4,2026-06-02,12:01:57,12:05:26,209.0,27.6,29.153,1.5529999999999973,33.8,12.016666666666667
Y-32-1,2026-06-02,12:25:13,12:27:27,134.0,27.5,29.786,2.2860000000000014,29.5,12.416666666666666
Y-32-2,2026-06-02,12:25:38,12:27:59,141.0,27.5,29.184,1.684000000000001,29.5,12.416666666666666
Y-32-3,2026-06-02,12:26:06,12:28:34,148.0,27.5,29.421,1.9209999999999994,29.7,12.433333333333334
Y-32-4,2026-06-02,12:26:31,12:30:12,221.0,27.5,29.678,2.178000000000001,29.6,12.433333333333334
Y-34-1,2026-06-02,14:02:54,14:04:15,81.0,29.1,29.674,0.5739999999999981,26.3,14.033333333333333
Y-34-2,2026-06-02,14:03:19,14:04:44,85.0,29.2,29.708,0.5079999999999991,26.0,14.05
Y-34-3,2026-06-02,14:03:49,14:05:16,87.0,29.2,29.598,0.3979999999999997,26.2,14.05
Y-34-4,2026-06-02,14:04:19,14:05:46,87.0,29.2,29.483,0.28300000000000125,26.2,14.066666666666666
Y-36-1,2026-06-02,13:42:07,13:43:42,95.0,28.6,28.82,0.21999999999999886,26.4,13.7
Y-36-2,2026-06-02,13:42:48,13:44:17,89.0,28.6,28.8,0.1999999999999993,26.4,13.7
Y-36-3,2026-06-02,13:43:19,13:44:45,86.0,28.7,28.814,0.11400000000000077,26.2,13.716666666666667
Y-36-4,2026-06-02,13:43:50,13:45:18,88.0,28.7,28.944,0.24399999999999977,26.2,13.716666666666667
Y-38-1,2026-06-02,13:19:11,13:20:21,70.0,27.7,28.35,0.6500000000000021,29.0,13.316666666666666
Y-38-2,2026-06-02,13:19:38,13:20:53,75.0,27.3,28.439,1.1389999999999993,29.0,13.316666666666666
Y-38-3,2026-06-02,13:20:07,13:21:28,81.0,27.4,28.662,1.2620000000000005,29.1,13.333333333333334
Y-38-4,2026-06-02,13:20:40,13:22:00,80.0,27.5,28.864,1.3640000000000008,28.9,13.333333333333334
Y-39-1,2026-06-03,07:38:28,07:40:28,120.0,24.8,27.735,2.9349999999999987,40.1,7.633333333333333
Y-39-2,2026-06-03,07:38:53,07:41:01,128.0,25.0,27.779,2.779,39.5,7.633333333333333
Y-39-3,2026-06-03,07:39:16,07:41:41,145.0,25.0,27.817,2.817,39.2,7.65
Y-39-4,2026-06-03,07:39:39,07:42:19,160.0,25.0,28.035,3.035,39.6,7.65
Y-4-1,2026-06-02,14:24:45,14:27:18,153.0,29.4,30.217,0.8170000000000002,27.6,14.4
Y-4-2,2026-06-02,14:25:14,14:27:51,157.0,29.5,29.973,0.472999999999999,27.2,14.416666666666666
Y-4-3,2026-06-02,14:25:41,14:28:22,161.0,29.5,29.815,0.3150000000000013,27.1,14.416666666666666
Y-4-4,2026-06-02,14:26:08,14:28:53,165.0,29.5,29.929,0.4289999999999985,27.4,14.433333333333334
Y-40-1,2026-06-02,10:49:56,10:51:39,103.0,28.1,28.727,0.6269999999999989,34.2,10.816666666666666
Y-40-2,2026-06-02,10:50:26,10:52:26,120.0,28.1,28.325,0.22499999999999787,34.4,10.833333333333334
Y-40-3,2026-06-02,10:50:57,10:53:58,181.0,28.1,28.531,0.4309999999999974,34.3,10.833333333333334
Y-40-4,2026-06-02,10:51:36,10:53:12,96.0,28.1,28.628,0.5279999999999987,34.2,10.85
Y-5-1,2026-06-02,11:29:23,11:32:56,213.0,28.1,28.706,0.6059999999999981,32.9,11.483333333333333
Y-5-2,2026-06-02,11:29:51,11:31:10,79.0,28.1,28.995,0.8949999999999996,33.2,11.483333333333333
Y-5-3,2026-06-02,11:30:19,11:32:21,122.0,28.1,28.88,0.7799999999999976,33.2,11.5
Y-5-4,2026-06-02,11:30:52,11:31:44,52.0,28.1,28.857,0.7569999999999979,33.2,11.5
Y-6-1,2026-06-02,13:29:26,13:30:54,88.0,28.2,28.814,0.6140000000000008,27.3,13.483333333333333
Y-6-2,2026-06-02,13:29:59,13:31:27,88.0,28.3,28.861,0.5609999999999999,27.0,13.483333333333333
Y-6-3,2026-06-02,13:30:28,13:32:23,115.0,28.3,28.817,0.5169999999999995,27.1,13.5
Y-6-4,2026-06-02,13:31:17,13:32:56,99.0,28.3,28.924,0.6239999999999988,26.7,13.516666666666667
Y-7-1,2026-06-03,07:49:49,07:52:59,190.0,26.2,27.837,1.6370000000000005,36.4,7.816666666666666
Y-7-2,2026-06-03,07:50:12,07:53:39,207.0,26.3,27.871,1.570999999999998,35.7,7.833333333333333
Y-7-3,2026-06-03,07:50:34,07:54:27,233.0,26.4,27.891,1.4909999999999997,35.4,7.833333333333333
Y-7-4,2026-06-03,07:50:56,07:55:02,246.0,26.4,28.048,1.6479999999999997,35.2,7.833333333333333
Y-9-1,2026-06-03,08:27:54,08:31:20,206.0,27.4,28.606,1.206000000000003,32.5,8.45
Y-9-2,2026-06-03,08:29:11,08:32:33,202.0,27.4,27.991,0.5910000000000011,32.5,8.483333333333333
Y-9-3,2026-06-03,08:28:44,08:33:08,264.0,27.4,27.948,0.5480000000000018,32.4,8.466666666666667
Y-9-4,2026-06-03,08:28:19,08:32:02,223.0,27.4,27.92,0.5200000000000031,32.4,8.466666666666667
